Ambit_InchiKey,Original_Entry_ID,Entrez_ID,Activity_Flag,pXC50,DB,Original_Assay_ID,Tax_ID,Gene_Symbol,Ortholog_Group,SMILES
AZGOVLGMSGAOMP-FZYUQVBKNA-N,CHEMBL404232,3359,A,5.52,chembl20,989092,9606,HTR3A,2102,C=1C=C2C(/C=C/3\C(N(C(N3C)=N)C)=O)=CNC2=CC1
BAZZAIKMNMNZJS-PKRZOPRNNA-N,CHEMBL494999,79246,A,7.36,chembl20,523350,10116,HTR3A,2102,N=1C=2C=CC=C(C)C2N3C(=CC=C3)C1N4CCN(CC4)C(C(=O)O)C5=CC=CC=C5
ARXTZNGJWWBBMH-LQFNOIFHNA-N,44157937,79246,A,8.52288,pubchem,375321,10116,HTR3A,2102,OC(=NO)CN1CCN(CC1)C2=NC=3C(N4C2=CC=C4)=C(C=CC3)C
ASQVLAWCAVGHRV-UHFFFAOYNA-N,CHEMBL576046,79246,A,7.65,chembl20,592418,10116,HTR3A,2102,N1(C=NC=C1)CCN2CCN(C3=NC4=CC(=CC=C4N5C3=CC=C5)F)CC2
ATBPRFXCCZLQCU-KHCWMJRFNA-N,CHEMBL40260,3359,A,8.48,chembl20,3470,9606,HTR3A,2102,C1(C=2N=C(CN=C(N)N)SC2)=CNC=3C1=CC=CC3
AUYIPDOMSJCFJD-GRNVIRBNNA-N,CHEMBL2011587,79246,A,7.57,chembl20,809641,10116,HTR3A,2102,O(CCOCCOCCOCCOCCOCCNC(=O)C1=C(C(=NC2=CC=CC=C12)N3CCN(CC3)C)C)CCOCCNC(=O)C4=C(C(=NC5=CC=CC=C45)N6CCN(CC6)C)C
AXVLPJHYYFHCHK-UYBDAZJANA-N,CHEMBL2440659,3359,N,4.73,chembl20,990310,9606,HTR3A,2102,C1=C(C=C(C=C1OC2=CN=CN=C2)C(NC=3SC=C(N3)C)=O)F
AATPYXMXFBBKFO-KARVIEMNNA-N,CHEMBL526307,3359,N,1.0,chembl20,565951,9606,HTR3A,2102,C=1C(=C(OC2=CN=C(N=C2N)N)C=C(C1OC)I)C(C)C
CBUHKJLQRNBVRE-PBWFPOADNA-N,76313433,79246,A,7.60206,pubchem,455453,10116,HTR3A,2102,O(C1C[C@@H]2N[C@@H](CC2)C1)C(=O)C=3N(C=4C(C3)=CC=CC4)C
CBUHKJLQRNBVRE-WDNDVIMCNA-N,CHEMBL3084712,79246,A,7.6,chembl20,606511,10116,HTR3A,2102,[C@@H]12N[C@@H](CC1)C[C@H](C2)OC(=O)C=3N(C4=C(C3)C=CC=C4)C
CBXQAAQVKDTXJJ-QWOVJGMINA-N,CHEMBL490071,3359,A,7.86,chembl20,864726,9606,HTR3A,2102,C1=C(Cl)C=C2C(=NC(N3CCN(CC3)C)=NC2=C1)NCC4=CC=CC=C4
BWUVAZMPSVZMLB-NCADKSFONA-N,76335134,3359,A,5.88606,pubchem,643471,9606,HTR3A,2102,O=C(NC1C[C@@H]2N([C@H](C1)CCC2)C)C3=NN(C4=C3C=CC=C4OCCOCCOCCNC(=O)C5=CC6=C(OC5=O)C=C(N(CC)CC)C=C6)C
BWUVAZMPSVZMLB-QLRPJNFXNA-N,CHEMBL3084443,3359,A,5.89,chembl20,800919,9606,HTR3A,2102,C(C=1C(=O)OC2=C(C1)C=CC(N(CC)CC)=C2)(=O)NCCOCCOCCOC3=CC=CC4=C3N(N=C4C(N[C@H]5C[C@H]6N([C@@H](C5)CCC6)C)=O)C
AGVRILRKGQDLBR-GOSISDBHNA-N,CHEMBL1641625,3359,A,8.62,chembl20,700634,9606,HTR3A,2102,C1=C2C=3C(CN(C2=O)[C@H]4C5CCN(C4)CC5)=NN(C3C=C1)CC(C)C
ACKJXXOVSOCBPX-PHLAQJRANA-N,11376655,79246,A,8.25181,pubchem,652569,10116,HTR3A,2102,O=C(NCCCCCCCNC=1C=2CCCCC2N=C3C1C=CC=C3)C4=C(C(N5CCN(CC5)C)=NC=6C4=CC=CC6)C
ACKJXXOVSOCBPX-PHLAQJRANA-N,CHEMBL195241,3359,A,8.25,chembl20,462123,9606,HTR3A,2102,C=1(N=C2C=CC=CC2=C(C1C)C(=O)NCCCCCCCNC=3C4=C(CCCC4)N=C5C3C=CC=C5)N6CCN(CC6)C
ADYMTDFOOCWUHC-UHFFFAOYNA-N,CHEMBL305582,3359,A,8.13,chembl20,3480,9606,HTR3A,2102,C=1(N(C2=CC=CC=C2N1)CCC3=CC=CC=C3)N4CCNCC4
AFUWQWYPPZFWCO-SRFFZEJWNA-N,CHEMBL1643880,3359,A,8.27,chembl20,700635,9606,HTR3A,2102,C1(C(=O)N[C@H]2CN3CCC2CC3)=CN=C4C(SC=C4)=C1O
ABIDZKZAFOTHFB-CCUGXXBONA-N,CHEMBL1271790,3359,A,8.17,chembl20,674333,9606,HTR3A,2102,C1C2CCN(C1)C[C@H]2NC(C3=C4N=C(OC4=CC=C3)N5[C@H](COC[C@@H]5C)C)=O
ABSDJNLAUZQHJY-UHFFFAOYNA-N,CHEMBL2205048,3359,A,7.21,chembl20,880265,9606,HTR3A,2102,N1(CCNCC1)C=2C(=CC=CC2)SC=3C=C(C=CC3)OC
AFLJKKMTBWNZFE-KAASGWQYNA-N,CHEMBL378349,3359,A,6.76,chembl20,851152,9606,HTR3A,2102,C1N2CCC([C@@H](NC(C3=CC4=C(C=C3)C=CS4)=O)C2)C1
BIKQMUIIBHYLFG-QNYVOOPBNA-N,CHEMBL3084765,3359,A,8.41,chembl20,674333,9606,HTR3A,2102,[C@@H]12C[C@H](NC(C3=C4N=C(OC4=CC=C3)N5[C@H](COCC5)CCC)=O)C[C@@H](CCC1)N2C
BIKQMUIIBHYLFG-WBRJOLTRNA-N,76309745,3359,A,8.40894,pubchem,526452,9606,HTR3A,2102,O=C(NC1C[C@@H]2N([C@H](C1)CCC2)C)C3=C4N=C(OC4=CC=C3)N5[C@@H](CCC)COCC5
BJPAAUARTYANJL-UHFFFAOYNA-N,44419820,3359,A,6.56067,pubchem,276556,9606,HTR3A,2102,FC1=CC=C(C=2C(=C(N3CCNCC3)N(C2C(OC)=O)C)C=4C=CN=CC4)C=C1
BPPGPYJBCVXILI-UHFFFAOYNA-N,CHEMBL364005,3359,A,7.47,chembl20,321408,9606,HTR3A,2102,C1(=C(NC=2C1=CC(=CC2)Cl)C)C3=CCNCC3
BPUACIBQBJYAPM-UHFFFAOYNA-N,CHEMBL2204355,3359,A,7.1,chembl20,880265,9606,HTR3A,2102,N1(CCNCC1)C=2C(=CC=CC2)SC=3C(=C(C=CC3)OC)OC
BKSKSEWIBBBRSQ-SPEPDGBUNA-N,CHEMBL225601,3359,A,5.48,chembl20,578446,9606,HTR3A,2102,C1=CC=2C(N(C(NC2C=C1C(=O)NCCN3CCCCC3)=O)CC4=CC=C(C=C4)Cl)=O
BNASSGFQLMOZKG-LILDFLRNNA-N,CHEMBL471712,3359,A,6.24,chembl20,864726,9606,HTR3A,2102,C=1C=C2N=C(N3CCN(CC3)C)N=C(C2=CC1Cl)O
CQSHZMQFBNWFEG-UHFFFAOYNA-N,CHEMBL2205036,3359,A,6.51,chembl20,880265,9606,HTR3A,2102,N1(CCNCC1)C=2C(=CC=C(C2)C)SC=3C=CC=CC3
CMOWYBWYCJHODO-GOOKEEGPNA-N,CHEMBL461360,3359,A,5.63,chembl20,864726,9606,HTR3A,2102,C=1C=C2N=C(N3C[C@H](CC3)N)N=C(NC)C2=CC1Cl
CMTZEWBUSASFDG-WYGZFEBSNA-N,CHEMBL90314,79246,A,9.82,chembl20,3402,10116,HTR3A,2102,C=1(C(N[C@@H]2CN3CCC2CC3)=O)C(=C(I)C=C(C1)Cl)OC
CNFWMFUCRRCFNB-UHFFFAOYNA-N,CHEMBL598873,15561,A,8.41,chembl20,611799,10090,HTR3A,2102,C12CCN(CCN1C3=NC4=C(O3)C=CC(=C4)F)CC2
CPVZPPFHQBIJNB-DQJUVFDMNA-N,CHEMBL328866,15561,A,5.4,chembl20,3123,10090,HTR3A,2102,C1(C(N[C@@H]2CN(CC=3C=CC=CC3)CC2)=O)=C(C=C(C(=C1)Cl)NC(C4CC4)=O)OC
CPZBLNMUGSZIPR-NVXWUHKLNA-N,CHEMBL1189679,3359,A,10.5,chembl20,685540,9606,HTR3A,2102,N1(C(C=2C=CC=C3C2[C@@H](C1)CCC3)=O)[C@@H]4CN5CCC4CC5
CEOCEXSTLLSYBV-LILDFLRNNA-N,CHEMBL116913,3359,A,7.27,chembl20,3473,9606,HTR3A,2102,C=12C(NC3CCN(CC3)CCOCCOC1C=C(C(=C2)Cl)N)=O
CEUORZQYGODEFX-HXTKINSTNA-N,CHEMBL1112,3359,A,6.0,chembl20,1329312,9606,HTR3A,2102,C1(=CC=CC(=C1Cl)N2CCN(CCCCOC=3C=CC4=C(C3)NC(CC4)=O)CC2)Cl
CIBFBHWSAKKIPN-UHFFFAOYNA-N,CHEMBL2169968,3359,A,6.27,chembl20,864726,9606,HTR3A,2102,C=1C(=CC=C2C=CC=CC12)N3CCN(CC3)C
CFOHOEGJDCNBCR-UHFFFAOYNA-N,11305391,3359,A,7.00261,pubchem,536968,9606,HTR3A,2102,FC=1C=C2C(N=C(N(N)C2=O)CCCCN3CCN(CC3)C=4N=C5C(=CC4)C=CC=C5)=CC1
CJGNMVAAMQAWEF-UHFFFAOYNA-N,24841480,3359,A,5.72125,pubchem,757604,9606,HTR3A,2102,S1C=2C(N(C=3C1=CC=CC3)C(OCCN4CCCC4)=O)=CC=CC2
CKWOZHIVNRGMQI-KRWDZBQONA-N,53317928,3359,A,8.4437,pubchem,552106,9606,HTR3A,2102,O=C1N([C@@H]2C3CCN(C2)CC3)CC4=NN(C5=C4C1=CC=C5)C(C)C
CKWOZHIVNRGMQI-QGZVFWFLNA-N,CHEMBL1643889,3359,A,8.64,chembl20,700634,9606,HTR3A,2102,C1=C2C=3C(CN(C2=O)[C@H]4C5CCN(C4)CC5)=NN(C3C=C1)C(C)C
CFMSRRKPZHTMEX-UHFFFAOYNA-N,CHEMBL2169966,3359,A,8.79,chembl20,864726,9606,HTR3A,2102,C=1C(=NC=C2C=CC=CC12)N3CCN(CC3)C
DCSUBABJRXZOMT-ALXALTKCNA-N,CHEMBL74656,3359,A,5.7,chembl20,971714,9606,HTR3A,2102,C1(C(N[C@@H]2[C@@H](CN(CC2)CCCOC=3C=CC(=CC3)F)OC)=O)=C(C=C(C(=C1)Cl)N)OC
DCSUBABJRXZOMT-LELJVTLKNA-N,CHEMBL1729,79246,A,5.82,chembl20,3404,10116,HTR3A,2102,COC1CN(CCCOC2=CC=C(F)C=C2)CCC1NC(=O)C=3C=C(Cl)C(N)=CC3OC
DDHAJFBBJWHSBR-LPMOIUJANA-N,CHEMBL3233680,3359,A,7.6,chembl20,1337831,9606,HTR3A,2102,CN1[C@@H]2C[C@H](NC(C=3C4=CC=CC=C4N(C)N3)=O)C[C@@H]1CC2
CZPMNOSNQHHGTD-UHFFFAOYNA-N,CHEMBL471663,3359,A,5.0,chembl20,564583,9606,HTR3A,2102,N=1C=2C=CSC2N3C=CC=C3C1OCC4CCN(CC4)CCCC
CZWQBSKNHUVZLI-UHFFFAOYNA-N,CHEMBL1770373,3359,A,5.64,chembl20,744884,9606,HTR3A,2102,N=1C(CC=2C=CC=CC2)=NC=3CCNCCC3C1
CZXYEUKDTXJZAI-UHFFFAOYNA-N,53238132,3359,A,6.17393,pubchem,712522,9606,HTR3A,2102,S(C=1C(N2CCNCC2)=CC=CC1C)C3=C(C=C(C=C3)C)C
DACDBRYFJUJEAA-LJQANCHMNA-N,24996643,3359,A,8.52288,pubchem,648455,9606,HTR3A,2102,O(CCCN1[C@@H](CCC1)C)C2=CC=C(C=C2)C=3C(=NN(C(=O)C3)C4=NC=CC=C4C)C
DACDBRYFJUJEAA-LJQANCHMNA-N,CHEMBL1958334,79246,A,7.77,chembl20,805902,10116,HTR3A,2102,C1(N(N=C(C(=C1)C=2C=CC(=CC2)OCCCN3[C@@H](CCC3)C)C)C4=C(C=CC=N4)C)=O
CXJLWJAYGMWLRR-UHFFFAOYNA-N,CHEMBL611082,15561,A,7.89,chembl20,611799,10090,HTR3A,2102,C12CCN(CC1)CCN2C3=NC4=C(O3)C=CC=C4
CXJLWJAYGMWLRR-UHFFFAOYNA-N,CHEMBL611082,3359,A,7.89,chembl20,851152,9606,HTR3A,2102,C12CCN(CC1)CCN2C3=NC4=C(O3)C=CC=C4
CUQCMXFWIMOWRP-COZUNNQVNA-N,CHEMBL13791,3359,N,4.1,chembl20,689120,9606,HTR3A,2102,C(N=C(N)N)(=NC1=CC=CC=C1)N
CXDMUUBLDHSHNL-KAASGWQYNA-N,CHEMBL378471,3359,A,6.24,chembl20,851149,9606,HTR3A,2102,C1N2CCC([C@@H](NC(C3=CC4=C(C=C3)OC=C4)=O)C2)C1
CTZWGZSINBFHFD-FQEVSTJZNA-N,CHEMBL370758,79246,A,8.05,chembl20,303506,10116,HTR3A,2102,N1(C([C@@H]2CCCN2C(C1)=O)=O)CN3CCN(CC3)C4=C5C(C=CC=C5)=CC=C4
CYZKHRQTZRUXRT-UHFFFAOYNA-N,CHEMBL2205039,3359,A,6.36,chembl20,880265,9606,HTR3A,2102,N1(CCNCC1)C=2C(=CC=C(C2)C)SC=3C=CC(=CC3)F
CTKOQDQPYZTIFY-KRYVDBONNA-N,44157942,79246,A,8.55284,pubchem,375321,10116,HTR3A,2102,FC1=CC=2N=C(N3CCN(CC3)C[C@H](N)C(=O)O)C=4N(C2C=C1)C=CC4
CTKOQDQPYZTIFY-ZNSBXDNLNA-N,44157837,79246,A,8.92082,pubchem,375321,10116,HTR3A,2102,FC1=CC=2N=C(N3CCN(CC3)C[C@@H](N)C(=O)O)C=4N(C2C=C1)C=CC4
CVIIPJUPHIOKNG-SPEPDGBUNA-N,CHEMBL224641,3359,A,5.23,chembl20,578446,9606,HTR3A,2102,C1=CC=2C(N(C(NC2C=C1C(=O)NCCCN3C(CCCC3)C)=O)C4CCCCC4)=O
AOOSJYIINXVNHV-UHFFFAOYNA-N,CHEMBL68131,3359,A,6.8,chembl20,564428,9606,HTR3A,2102,O1CCOC=2C1=C(C(=CC2C(=O)OCC3CCN(CC3)CCCC)Cl)N
AOWDEXMOARHNIR-UHFFFAOYNA-N,53237900,3359,A,7.49485,pubchem,712522,9606,HTR3A,2102,S(C=1C(N2CCNCC2)=CC=CC1)C3=C(OC)C=C(OC)C=C3
AJEBHUMZPBDLQF-MIHJWAIRNA-N,46233635,3359,A,9.17393,pubchem,461556,9606,HTR3A,2102,O=C(NC1C[C@H]2N([C@H](C1)CCC2)C)C3=NN(C=4C3=CC=CC4O)C
AJMDHGFXFDUETC-UHFFFAOYNA-N,11230291,15561,A,6.79048,pubchem,460741,10090,HTR3A,2102,O1C(N2C3CCN(CC3)CC2)=NC=4C1=CN=CC4
AJOIVAKMJVSBOV-WYGZFEBSNA-N,CHEMBL1272176,3359,A,7.74,chembl20,674333,9606,HTR3A,2102,C1C2[C@@H](CN(C1)CC2)NC(C3=C4C(=CC=C3)OC(=N4)N(C)C)=O
ANTKBACNWQHQJE-UHFFFAOYNA-N,CHEMBL1242950,3359,A,6.0,chembl20,659608,9606,HTR3A,2102,C1(CCCC)CCN(CCCC(C=2C(=CC=CC2)C)=O)CC1
APHNFVMFNAFHIP-SMJXOZEZNA-N,CHEMBL2402888,3359,N,4.7,chembl20,971714,9606,HTR3A,2102,OC(CN1CCN(CC1)S(=O)(=O)C)CN2[C@@H]3C[C@H](C[C@H]2CC3)NC(=O)C4=C5C(=CC=C4)NC=N5
FNULMNZULDBPSF-XYMHRNEGNA-N,CHEMBL395960,3359,N,4.0,chembl20,445995,9606,HTR3A,2102,C1=CC=C2N3[C@H]4[C@H]5[C@H](N([C@H]6[C@H]7[C@H]3[C@]8(CC[N+]9([C@H]8C[C@H]7C(C9)=CCO6)CCOC(=O)C)C2=C1)C%10=CC=CC=C%10)[C@H]%11CC[N+]%12(CCOC(=O)C)[C@H]%11C[C@H]5C(=CCO4)C%12
FVBMQXFSNPPRRM-OAHLLOKONA-N,CHEMBL1958326,3359,A,8.7,chembl20,805903,9606,HTR3A,2102,C1(=O)C=C(C=2C=CC(=CC2)OCCCN3CCC[C@H]3C)C(=NN1C)C
FVBMQXFSNPPRRM-OAHLLOKONA-N,CHEMBL1958326,79246,A,8.19,chembl20,805902,10116,HTR3A,2102,C1(=O)C=C(C=2C=CC(=CC2)OCCCN3CCC[C@H]3C)C(=NN1C)C
FVAIFXRTWOJMOT-FVXCAPTGNA-N,76313436,3359,A,7.23284,pubchem,526452,9606,HTR3A,2102,O=C(NC1C[C@@H]2N([C@H](C1)CCC2)C)C3=C4OC(=NC4=CC=C3)C=5C=CC(OC)=CC5
FVAIFXRTWOJMOT-GSQNISDMNA-N,CHEMBL3084760,3359,A,7.23,chembl20,674333,9606,HTR3A,2102,[C@H]12N(C)[C@H](CCC1)C[C@H](C2)NC(C3=C4OC(=NC4=CC=C3)C=5C=CC(=CC5)OC)=O
DSYPQNCLZHZVKW-QWOVJGMINA-N,CHEMBL571475,79246,A,6.48,chembl20,592418,10116,HTR3A,2102,C=1(N=CNC1)CCN2CCN(C3=NC4=CC(=CC=C4N5C3=CC=C5)F)CC2
DYSMQUAVJOMJKD-UHFFFAOYNA-N,22495788,15561,A,8.92082,pubchem,460741,10090,HTR3A,2102,ClC1=CC=2N=C(OC2C=C1)N3C4CCN(CC4)CC3
GALAKJYLTKKOBQ-UHFFFAOYNA-N,CHEMBL66692,3359,A,9.38,chembl20,3480,9606,HTR3A,2102,C=1(N(C2=CC=CC=C2N1)CC3=CC=C(C=C3)OC)N4CCNCC4
FXRGLPUKLPILJM-PJQSKVNONA-N,CHEMBL224160,3359,A,5.55,chembl20,578446,9606,HTR3A,2102,C1=CC=2C(N(C(NC2C=C1C(NCCN3C(CCCC3)C)=O)=O)CC4=CC=C(C=C4)Cl)=O
GAYSOZKZPOVDSB-WDWZGEMTNA-N,CHEMBL34291,3359,A,6.82,chembl20,3468,9606,HTR3A,2102,C1(C(NC[C@H]2[C@H]3N(CCC3)CC2)=O)=C(C=C(C(=C1)Cl)N)OC
GBRCKQVRLPIGIR-UHFFFAOYNA-N,CHEMBL2169974,3359,A,6.48,chembl20,864726,9606,HTR3A,2102,N=1C(=CC=C2C=CC=C(C12)N)N3CCN(CC3)C
FZELPPCFOJWTQA-UHFFFAOYNA-N,CHEMBL382243,3359,N,4.0,chembl20,445995,9606,HTR3A,2102,C1=CC=C2N3C(=C(C2=C1)C[N+](C)(C)C)CN4C5=C(C(=C4C3)C[N+](C)(C)C)C=CC=C5
FZGWDCDUMFWUEO-UHFFFAOYNA-N,CHEMBL470432,3359,A,8.16,chembl20,564583,9606,HTR3A,2102,N=1C=2SC=C(C)C2N3C=CC=C3C1OCC4CCN(CC4)CCC
FZPKLJVFRJJYHW-GPQMBLKYNA-N,CHEMBL421738,79246,A,8.97,chembl20,3407,10116,HTR3A,2102,C1(C(NC2CN3CCC2CC3)=O)=C(C=C(C(=C1)I)N)OC
DTBALPGNCWCVJP-UHFFFAOYNA-N,CHEMBL68281,3359,A,6.62,chembl20,3478,9606,HTR3A,2102,C1(=NC2=CC=CC=C2N1CC=C)N3CCNCC3
DTTGUKXBOVDIES-GPQMBLKYNA-N,CHEMBL159825,79246,A,8.25,chembl20,3404,10116,HTR3A,2102,C=1(C(NC2C3CN(CC2)CC3)=O)C(=CC(=C(C1)Cl)N)OC
DPMQWTNICFCLFP-XBXBPLPCNA-N,CHEMBL224701,3359,A,5.8,chembl20,578446,9606,HTR3A,2102,C1=CC=2C(N(C(NC2C=C1C(=O)NCCN3CCCCC3)=O)C4=CC=C(C=C4)OC)=O
DPVWYBXBTMUDAS-UHFFFAOYNA-N,CHEMBL1277282,3359,A,7.28,chembl20,684849,9606,HTR3A,2102,N=1C(N(C(C2CCCCC12)=O)N)=CCCCN3CCN(CC3)C4=NC=5C=CC=CC5C=C4O
DNVBBWNTRFFIHW-CIFLUQPANA-N,53363442,3359,A,8.55284,pubchem,648455,9606,HTR3A,2102,O(CCCN1[C@@H](CCC1)C)C2=CC=C(C=C2)C=3C=C(O)N=NC3
DNVBBWNTRFFIHW-CIFLUQPANA-N,53363442,79246,A,8.07058,pubchem,648454,10116,HTR3A,2102,O(CCCN1[C@@H](CCC1)C)C2=CC=C(C=C2)C=3C=C(O)N=NC3
DVSMVUMYJDOPJQ-UHFFFAOYNA-N,CHEMBL3104091,3359,A,5.0,chembl20,1283847,9606,HTR3A,2102,C1CC2=C(N3C=4C1=CC=CC4C5=C3CCN(C5)C)C=CC=C2
DULFTXXWXGBQBT-UHFFFAOYNA-N,CHEMBL66918,3359,A,8.77,chembl20,3480,9606,HTR3A,2102,C=1(N(C2=CC=CC=C2N1)CC3=CC=C(C=C3)C)N4CCNCC4
DNBUHXJXKUSPHI-UHFFFAOYNA-N,CHEMBL605715,15561,A,7.04,chembl20,611799,10090,HTR3A,2102,C12CCN(CC1)CCN2C3=NC=4C(O3)=NC=CC4
GGBKKIVDGBAYTK-GPQMBLKYNA-N,CHEMBL490073,3359,A,6.78,chembl20,864726,9606,HTR3A,2102,C1=C(C=C2C(=C1)N=C(N3CCN(CC3)C)N=C2NC(C)C)Cl
GGQFEMQQQLOYIH-UHFFFAOYNA-N,CHEMBL2181188,3359,A,5.61,chembl20,878523,9606,HTR3A,2102,C=1C=C(C=2C(C1)=C3C(=C(N2)OCC4CCN(CC4)CCC)C=CC=C3)Cl
GGTVJORIYQKWBH-FVXCAPTGNA-N,76313440,3359,A,7.74473,pubchem,526452,9606,HTR3A,2102,ClC1=CC=C(C=2OC=3C(N2)=C(C(=O)NC4C[C@@H]5N([C@H](C4)CCC5)C)C=CC3)C=C1
GGTVJORIYQKWBH-GSQNISDMNA-N,CHEMBL3084781,3359,A,7.74,chembl20,674333,9606,HTR3A,2102,[C@H]12N([C@H](CCC1)C[C@H](C2)NC(C3=C4N=C(OC4=CC=C3)C5=CC=C(C=C5)Cl)=O)C
GILNYWJBQPUMRB-DBVKRTKPNA-N,CHEMBL2011600,79246,A,7.15,chembl20,809641,10116,HTR3A,2102,N(C(OC(C)(C)C)=O)CCOCCOCCOCCOCCOCCOCCOCCOCCOCCNC(C1=C(C)C(=NC2=CC=CC=C21)N3CCN(CC3)C)=O
GKXVRBQVTDCQMA-SKKVRFOWNA-N,CHEMBL2402892,3359,N,4.3,chembl20,971714,9606,HTR3A,2102,S(=O)(=O)(N1CCN(CC(CN2CCC(CNC(C3=C4C(=CC=C3)N=C(N4)C5CC5)=O)CC2)O)CC1)C
GLAKGIIOQOOKAC-PKSOQXRJNA-N,CHEMBL571046,79246,A,8.25,chembl20,592418,10116,HTR3A,2102,C1=C(C=C2N=C(N3CCN(CC3)CC4=NC=CN4)C=5N(C=CC5)C2=C1)F
GDRLBCZDGQFDCZ-UHFFFAOYNA-N,CHEMBL2181166,3359,A,6.39,chembl20,878523,9606,HTR3A,2102,C=1(OCC2CCN(CCCC=3C=CC(=CC3)I)CC2)C4=CC=CN=C4C5=CC=CC(F)=C5N1
FSIKVHPOLUUBDN-UHFFFAOYNA-N,24995996,3359,A,8.09151,pubchem,648455,9606,HTR3A,2102,O(CCCN1CCCCCC1)C2=CC=C(C=C2)C3=CC(=O)N(N=C3)C
FSIKVHPOLUUBDN-UHFFFAOYNA-N,CHEMBL1958135,79246,A,7.66,chembl20,805902,10116,HTR3A,2102,C1(N(N=CC(C=2C=CC(=CC2)OCCCN3CCCCCC3)=C1)C)=O
FQOUWLBNFDQPCQ-AMAVWWAONA-N,70683126,79246,A,6.97469,pubchem,652569,10116,HTR3A,2102,O=C(NCCOCCOCCOCCOCCOCCOCCOCCNC(=O)NC[13C](=O)O)C1=C(C(N2CCN(CC2)C)=NC=3C1=CC=CC3)C
FPUKGJMTLUQGFZ-UHFFFAOYNA-N,CHEMBL519609,3359,A,5.41,chembl20,969177,9606,HTR3A,2102,C1=CC=C2SC3=C(C=CC=C3)N(C(OCCCN(CC)CC)=O)C2=C1
FTPAKCBSUUBRFU-XBXBPLPCNA-N,CHEMBL1084631,3359,A,5.24,chembl20,634700,9606,HTR3A,2102,C1=C(NC(NCCCCN2CCCCC2)=O)C=CC(=C1)C3=CC=C(C=C3)F
DGHBTCQWEPIPBD-SQBIMTKRNA-N,70689423,79246,A,8.11351,pubchem,652569,10116,HTR3A,2102,O=C(NCCOCCOCCNC(=O)C1=C(C(N2CCN(CC2)C)=NC=3C1=CC=CC3)C)C4=C(C(N5CCN(CC5)C)=NC=6C4=CC=CC6)C
DGQFNXAQPQDMLO-UHFFFAOYNA-N,11162995,15561,A,5.43498,pubchem,460741,10090,HTR3A,2102,O1C(N2C3CCN(CC3)CC2)=NC4=C1N=CC(=C4)C5=CC=CC=C5
DIBPTWMSVTXGKP-FPOVZHCZNA-N,CHEMBL1949930,3359,N,4.52,chembl20,804658,9606,HTR3A,2102,O=S(C1=CC=C2[C@H]3[C@H](CNCC3)OC2=C1)(=O)C4=CC(=CC(=C4)OC)OC(C)C
DICVBGGIAAPPNV-ZSUDRMHPNA-N,CHEMBL1170237,3359,A,6.0,chembl20,989092,9606,HTR3A,2102,C1(/C(/N(C(N1C)=N)C)=C\C2=CNC3=C2C=C(C=C3)Br)=O
DIHXJZHAIHGSAW-LFGZLIIFNA-N,1354,15561,A,6.09691,pubchem,431578,10090,HTR3A,2102,ClC=1C=C(/N=C(/N=C(N)N)\N)C=CC1
DIHXJZHAIHGSAW-MSNMYWDFNA-N,CHEMBL13790,15561,A,6.1,chembl20,582922,10090,HTR3A,2102,C(N=C(N)N)(=NC=1C=C(Cl)C=CC1)N
DIHXJZHAIHGSAW-MSNMYWDFNA-N,CHEMBL13790,3359,A,5.8,chembl20,689120,9606,HTR3A,2102,C(N=C(N)N)(=NC=1C=C(Cl)C=CC1)N
DLAXWULAMBVPFO-LJQANCHMNA-N,24996326,3359,A,8.60206,pubchem,648455,9606,HTR3A,2102,O(CCCN1[C@@H](CCC1)C)C2=CC=C(C=C2)C3=CC(=O)N(N=C3)C4=NC=CC=C4C
DLAXWULAMBVPFO-LJQANCHMNA-N,CHEMBL1958332,79246,A,8.07,chembl20,805902,10116,HTR3A,2102,C1(C=C(C=NN1C2=C(C=CC=N2)C)C=3C=CC(=CC3)OCCCN4[C@@H](CCC4)C)=O
DZZIAERGLDKTBT-UHFFFAOYNA-N,49783415,3359,A,5.45457,pubchem,517063,9606,HTR3A,2102,O(CC1CCN(CC1)CCCC)C(=O)C=2C=C(OC)C(N)=CC2
FALASSBEVXPICK-BDGWVKIONA-N,CHEMBL225600,3359,A,5.66,chembl20,578446,9606,HTR3A,2102,C=1C(=CC=2NC(N(C(C2C1)=O)CCC)=O)C(NCCN3CCCCC3)=O
FBESFXOTONWCII-WYUMXYHSNA-N,CHEMBL2169975,3359,A,6.33,chembl20,864726,9606,HTR3A,2102,N1=C(N=C(C2=CC(=CC=C12)Cl)NC)N3CC(C3)N(C)C
FBGLUXQASNAMOM-PKANNQFQNA-O,71720442,3359,A,7.08092,pubchem,727994,9606,HTR3A,2102,O1C=2C(=C(C3=C1C=C(N(C)C)C=C3)C=4C(=CC(=CC4)C(=O)NCCCCCNC(=O)CCN5C6=C(C(=C5)CCN)C=C(O)C=C6)C(=O)O)C=CC(=[N+](C)C)C2
DVZVHBUJNRUJGK-UHFFFAOYNA-N,CHEMBL229999,3359,N,4.52,chembl20,445995,9606,HTR3A,2102,C1=CC=C2N3CC=4N(CC3=C(C2=C1)C[N+](C)(CC5=CC=C(C=C5)N(=O)=O)C)C6=C(C4C[N+](CC7=CC=C(C=C7)N(=O)=O)(C)C)C=CC=C6
DWGFHYJCLFQFTA-VEWCPZSHNA-N,CHEMBL224766,3359,A,5.66,chembl20,578446,9606,HTR3A,2102,C=1C(=CC=2NC(N(C(=O)C2C1)C)=O)C(NCCN3CCCCC3)=O
FFNWMBDISAYHDC-UHFFFAOYNA-N,CHEMBL287045,3359,A,6.9,chembl20,564428,9606,HTR3A,2102,C(C1=C(C=C(C(=C1)Cl)N)OC)(=O)OCCN(CC)CC
FGDWUDRNOXESRS-UHFFFAOYNA-N,53237669,3359,A,7.284,pubchem,712522,9606,HTR3A,2102,S(C=1C(N2CCNCC2)=CC=CC1)C=3C(OC)=CC=CC3
FIHYFNQYURHDIC-UHFFFAOYNA-N,11328306,3359,A,7.0716,pubchem,536968,9606,HTR3A,2102,O=C1N(N)C(N=C2CCCCCC21)=CCCCN3CCN(CC3)C=4N=C5C(=CC4)C=CC=C5
FIJJTIJVCAYUQE-SPEPDGBUNA-N,CHEMBL223951,3359,A,5.68,chembl20,578446,9606,HTR3A,2102,C1=CC=2C(N(C(NC2C=C1C(=O)NCCN3CCCCC3)=O)CC4=CC=CC=C4Cl)=O
FELGMEQIXOGIFQ-UHFFFAOYNA-N,CHEMBL46,3359,A,10.05,chembl20,880244,9606,HTR3A,2102,O=C1C2=C(N(C3=C2C=CC=C3)C)CCC1CN4C(=NC=C4)C
FELGMEQIXOGIFQ-UHFFFAOYNA-N,CHEMBL46,79246,A,9.8,chembl20,880241,10116,HTR3A,2102,O=C1C2=C(N(C3=C2C=CC=C3)C)CCC1CN4C(=NC=C4)C
FEPROLQKWGDFKU-UHFFFAOYNA-N,11213399,3359,A,7.57349,pubchem,536968,9606,HTR3A,2102,S1C=2N=C(N(N)C(=O)C2C(=C1C)C)CCCCN3CCN(CC3)C=4N=C5C(=CC4)C=CC=C5
FEROPKNOYKURCJ-GPQMBLKYNA-N,CHEMBL18041,3359,A,9.41,chembl20,1283847,9606,HTR3A,2102,C1(C(NC2CN3CCC2CC3)=O)=C(C=C(C(=C1)Cl)N)OC
FEROPKNOYKURCJ-GPQMBLKYNA-N,CHEMBL18041,79246,A,9.22,chembl20,3401,10116,HTR3A,2102,C1(C(NC2CN3CCC2CC3)=O)=C(C=C(C(=C1)Cl)N)OC
FEROPKNOYKURCJ-NOQCQUFMNA-N,CHEMBL1628595,3359,A,8.7,chembl20,689168,9606,HTR3A,2102,C1=C(C(C(N[C@@H]2CN3CCC2CC3)=O)=CC(=C1N)Cl)OC([3H])([3H])[3H]
FEROPKNOYKURCJ-WYGZFEBSNA-N,CHEMBL28992,3359,A,9.0,chembl20,689121,9606,HTR3A,2102,C1(C(N[C@@H]2CN3CCC2CC3)=O)=C(C=C(C(=C1)Cl)N)OC
FEROPKNOYKURCJ-WYGZFEBSNA-N,CHEMBL28992,79246,A,9.64,chembl20,3404,10116,HTR3A,2102,C1(C(N[C@@H]2CN3CCC2CC3)=O)=C(C=C(C(=C1)Cl)N)OC
FDKJLUOOFWBTDY-HNNXBMFYNA-N,CHEMBL1643883,3359,A,8.77,chembl20,700634,9606,HTR3A,2102,C1=C2C(N(CC3=NN(C(C=C1)=C32)C)[C@@H]4C5CCN(C4)CC5)=O
FDKJLUOOFWBTDY-OAHLLOKONA-N,53324551,3359,A,9.1549,pubchem,552106,9606,HTR3A,2102,O=C1N([C@H]2C3CCN(C2)CC3)CC4=NN(C5=C4C1=CC=C5)C
DVTRMRRJKIYJHT-LILDFLRNNA-N,CHEMBL421747,3359,A,9.0,chembl20,3465,9606,HTR3A,2102,C=1(N=C(CC=2N=CNC2C)SC1)C=3C=4N=CC=CC4C=CC3
FOVPMEXFLUOBRL-CQSZACIVNA-N,69937654,3359,A,6.15428,pubchem,1141224,9606,HTR3A,2102,S1(=O)(=O)N2CCN([C@H]3C4CCN(C3)CC4)C(=O)C=5C2=C(N1)C=CC5
FPAYIRCICWYDAX-UHFFFAOYNA-N,CHEMBL136978,79246,A,9.1,chembl20,592418,10116,HTR3A,2102,C=1C(=C2C(=CC1)N=C(N3CCN(CC3)C)C4=CC=CN24)C
FKCDNDBJVOQPJB-VEORKLDJNA-N,CHEMBL225485,3359,N,4.87,chembl20,578446,9606,HTR3A,2102,C1=CC=2C(N(C(NC2C=C1C(NCCN3C(CCCC3)CC)=O)=O)CC4=CC=C(C=C4)Cl)=O
FKFNPTZCZKTCNF-GPQMBLKYNA-N,CHEMBL414183,3359,A,7.9,chembl20,766545,9606,HTR3A,2102,C1(=NC2=CC=CC=C2N=C1O)N3CCN(CC3)C
FKNBNSUXUZHSKP-MIHJWAIRNA-N,CHEMBL598804,3359,A,8.14,chembl20,612614,9606,HTR3A,2102,C1(=CC=C2C(=C1)C(=NN2C)C(NC3C[C@@H]4CCC[C@H](N4C)C3)=O)O
FMIJNFTZRSVGEY-HCXDKFGHNA-N,70691518,79246,A,7.17393,pubchem,652569,10116,HTR3A,2102,O=C(NCCCCCCCCNC(=O)C1=C(C(N2CCN(CC2)C)=NC=3C1=CC=CC3)C)C4=C(C(N5CCN(CC5)C)=NC=6C4=CC=CC6)C
FKYWSGYMKJUZEP-ZOBUZTSGNA-N,CHEMBL1224527,3359,N,3.06,chembl20,652920,9606,HTR3A,2102,C1(=C(C=CC=2[C@@H]3CNCC[C@H]3[C@@H](CC12)C4=CC=CC=C4)O)O
FLGSUSWMWSZVMP-LNNLXFCONA-N,CHEMBL1242923,3359,A,6.0,chembl20,659608,9606,HTR3A,2102,C=1C=CC(CC(=O)NC2CCN(CC2)CCCN3C(COC4=C3C=CC=C4)=O)=CC1
BRNJLENJYHXKEL-PKSOQXRJNA-N,CHEMBL566522,79246,A,9.17,chembl20,592418,10116,HTR3A,2102,C1=C(C=C2N=C(N3CCN(CC3)CC4=CNC=N4)C=5N(C=CC5)C2=C1)F
BSAYMXGAHRLDCA-RTBURBONNA-N,CHEMBL503427,3359,N,4.3,chembl20,566267,9606,HTR3A,2102,C(#CC1=CC2=C(C=C1)OCC2)[C@@H]3C[C@H](CN4CCCCC4)C(=O)N3C
BSNKYWSMUAGMDO-UHFFFAOYNA-N,11184481,15561,A,6.57025,pubchem,460741,10090,HTR3A,2102,O1C(N2C3CCN(CC3)CC2)=NC=4N=C(C=CC14)C
BSNKYWSMUAGMDO-UHFFFAOYNA-N,11184481,3359,A,8.30103,pubchem,460743,9606,HTR3A,2102,O1C(N2C3CCN(CC3)CC2)=NC=4N=C(C=CC14)C
BTAHQEQRFWNWKD-GNGLVOITNA-N,CHEMBL3084775,3359,A,7.23,chembl20,674333,9606,HTR3A,2102,[C@H]12N(C)[C@H](CCC1)C[C@H](C2)NC(C3=C4N=C(OC4=CC=C3)N5[C@@H](CNC[C@H]5C)C)=O
BTAHQEQRFWNWKD-GTCIPBPLNA-N,24769783,3359,A,8.61979,pubchem,526452,9606,HTR3A,2102,O=C(NC1C[C@@H]2N([C@H](C1)CCC2)C)C3=C4N=C(OC4=CC=C3)N5[C@H](CNC[C@@H]5C)C
BTAHQEQRFWNWKD-NLAFUWLINA-N,76320683,3359,A,7.42829,pubchem,526452,9606,HTR3A,2102,O=C(NC1C[C@@H]2N([C@H](C1)CCC2)C)C3=C4N=C(OC4=CC=C3)N5[C@H](CNC[C@H]5C)C
BTAHQEQRFWNWKD-OLIJDHPLNA-N,76335155,3359,A,7.22621,pubchem,526452,9606,HTR3A,2102,O=C(NC1C[C@@H]2N([C@H](C1)CCC2)C)C3=C4N=C(OC4=CC=C3)N5[C@@H](CNC[C@H]5C)C
BTAHQEQRFWNWKD-PHNNOWGMNA-N,CHEMBL3084776,3359,A,8.62,chembl20,674333,9606,HTR3A,2102,[C@H]12N(C)[C@H](CCC1)C[C@H](C2)NC(C3=C4N=C(OC4=CC=C3)N5[C@H](CNC[C@@H]5C)C)=O
BTAHQEQRFWNWKD-YOWPWNQQNA-N,CHEMBL3084774,3359,A,7.43,chembl20,674333,9606,HTR3A,2102,[C@H]12N(C)[C@H](CCC1)C[C@H](C2)NC(C3=C4N=C(OC4=CC=C3)N5[C@H](CNC[C@H]5C)C)=O
BQFFJFYYLYTLCC-HCKMINDGNA-N,CHEMBL489664,3359,A,7.83,chembl20,864726,9606,HTR3A,2102,C1=C(C=C2C(=C1)N=C(N3CCN(CC3)C)N=C2NCCO)Cl
BSCUUFDNCBQNPG-UHFFFAOYNA-N,CHEMBL1278087,3359,A,7.81,chembl20,684849,9606,HTR3A,2102,N1=C(N(C(C=2C=CC=C(C12)C)=O)N)CCCCN3CCN(CC3)C=4N=C5C=CC=CC5=CC4
HTBCXNBZJPZOBH-DIHYWRQONA-N,CHEMBL2179862,3359,N,4.81,chembl20,877365,9606,HTR3A,2102,C1CN2[C@H]([C@@H](C1CC2)NC(=O)C3=NC=C4C(=C3)C=CC=C4)CC=5C=CC=NC5
HSWHSJUFDDMBTI-XBXBPLPCNA-N,CHEMBL1086333,3359,A,5.11,chembl20,634700,9606,HTR3A,2102,C=1C=C(C=CC1NC(NCCCCN2CCCCC2)=O)C3=CC=CC=C3OC
HXAMYUTYZROIIP-JJFURXLTNA-N,CHEMBL2402897,3359,N,4.0,chembl20,971714,9606,HTR3A,2102,S(=O)(=O)(N1CCN(CCN2CCC(CNC(C3=C4C(=CC=C3)N=C(N4)C(C)C)=O)CC2)CC1)C
AJQZLGNJRZQIRM-UHFFFAOYNA-N,CHEMBL607857,15561,A,7.77,chembl20,611799,10090,HTR3A,2102,C12CCN(CCN1C3=NC4=C(O3)C=C(C=C4)C)CC2
AJTVQZWUKUPHIP-LQFNOIFHNA-N,CHEMBL1210703,3359,A,6.0,chembl20,643571,9606,HTR3A,2102,C1(NC(C=2SC(=C(C3=CC=CC=C3)C2)N4CCOCC4)=O)=C(C=C(C=C1)C)C
CEKDIBLPETYROS-UHFFFAOYNA-N,11276604,15561,A,5.67366,pubchem,460741,10090,HTR3A,2102,O1C(N2C3CCN(CC3)CC2)=NC=4C1=CC=NC4
CGNLROWYSDSBMN-MIHJWAIRNA-N,CHEMBL596951,3359,A,9.77,chembl20,612614,9606,HTR3A,2102,C1=CC=C2C(=C1O)C(=NN2C)C(NC3C[C@@H]4CCC[C@H](N4C)C3)=O
WZTXOCTVZQCERW-VEWCPZSHNA-N,CHEMBL128,3359,A,8.03,chembl20,3459,9606,HTR3A,2102,S(O)(O)(=CC=1C=C2C(=CNC2=CC1)CCN(C)C)=NC
XMHFWRPPOBJMML-UHFFFAOYNA-N,CHEMBL1277007,3359,A,7.23,chembl20,684849,9606,HTR3A,2102,N=1C(N(C(C2CCCCC12)=O)N)=CCCCN3CCN(CC3)C=4N=C5C=CC=CC5=C(C4)C
XKGPHJMKJBEURD-UHFFFAOYNA-N,CHEMBL3104093,3359,A,6.3,chembl20,1283847,9606,HTR3A,2102,C12=C(CCN3C=4C1=CC=CC4C5=C3CCN(C5)C)C=CC=C2
XPDKHWGJPIAGSI-GHTAUHPDNA-N,CHEMBL3084439,3359,A,8.92,chembl20,800919,9606,HTR3A,2102,O=S(=O)(NCCCN1C=2C=CC=CC2C(=N1)C(N[C@@H]3C[C@H]4N([C@H](CCC4)C3)C)=O)C5=CC=CC=6C5=CC=CC6N(C)C
XPDKHWGJPIAGSI-SQRYDZRYNA-N,76313418,3359,A,8.92082,pubchem,643471,9606,HTR3A,2102,S(=O)(=O)(NCCCN1N=C(C(=O)NC2C[C@@H]3N([C@H](C2)CCC3)C)C4=C1C=CC=C4)C=5C6=C(C(N(C)C)=CC=C6)C=CC5
YHOYHBANAWEKNE-UHFFFAOYNA-N,CHEMBL1277462,3359,A,7.19,chembl20,684849,9606,HTR3A,2102,C1(=NC2=C(C(N1N)=O)C=CC=N2)SCCCN3CCN(CC3)C=4N=C5C=CC=CC5=CC4
HIWIXUJADKOVEP-UHFFFAOYNA-N,CHEMBL597843,15561,A,6.24,chembl20,611799,10090,HTR3A,2102,C12CCN(CC1)CCN2C3=NC=4C(O3)=CC=CN4
HIWIXUJADKOVEP-UHFFFAOYNA-N,CHEMBL597843,3359,A,6.24,chembl20,851152,9606,HTR3A,2102,C12CCN(CC1)CCN2C3=NC=4C(O3)=CC=CN4
HGRHWEAUHXYNNP-UHFFFAOYNA-N,CHEMBL2391541,3359,A,5.0,chembl20,965131,9606,HTR3A,2102,C=1(C=CC2=C(C1)C(=CN2)CCN(CC=C)CC=C)OC
HCRXUFYSLPXCDW-LILDFLRNNA-N,715494,79246,A,7.95078,pubchem,375321,10116,HTR3A,2102,O=C(O)CN1CCN(CC1)C=2N=C3C(=CC2)C=CC=C3
HLMKBCUKQMBYDR-UHFFFAOYNA-N,CHEMBL1277280,3359,A,7.16,chembl20,684849,9606,HTR3A,2102,N1=C(N(C(C2=CC=CC=C12)=O)N)SCCCN3CCN(CC3)C=4N=C5C=CC=CC5=CC4
HFOUMBDMIJJHCK-BEDMIXEBNA-N,45485619,3359,A,5.60206,pubchem,447476,9606,HTR3A,2102,ClC1=CC(C(=O)NCCN(C[C@H]2[C@@](O)(CCCC2)C=3C=C(O)C=CC3)C)=C(OC)C=C1N
HFOUMBDMIJJHCK-LELJVTLKNA-N,46906000,3359,A,5.55284,pubchem,447476,9606,HTR3A,2102,ClC1=CC(C(=O)NCCN(CC2C(O)(CCCC2)C=3C=C(O)C=CC3)C)=C(OC)C=C1N
HFOUMBDMIJJHCK-OCXOFTHYNA-N,CHEMBL569357,3359,A,5.51,chembl20,598654,9606,HTR3A,2102,C1CCC[C@@H]([C@]1(C2=CC=CC(=C2)O)O)CN(CCNC(C3=C(C=C(C(=C3)Cl)N)OC)=O)C
HHKROCCRVVBZNW-JMSNTWBFNA-N,24178523,3359,A,9.22185,pubchem,526452,9606,HTR3A,2102,O=C(NC1C[C@@H]2N([C@H](C1)CCC2)C)C3=C4N=C(OC4=CC=C3)N5[C@H](COC[C@@H]5C)C
HHKROCCRVVBZNW-OIKAGBJDNA-N,CHEMBL3084769,3359,A,9.22,chembl20,674333,9606,HTR3A,2102,[C@H]12N(C)[C@H](CCC1)C[C@H](C2)NC(C3=C4N=C(OC4=CC=C3)N5[C@H](COC[C@@H]5C)C)=O
INMZEMMKDSQLJN-HPRFPMAVNA-N,CHEMBL2402900,3359,N,4.1,chembl20,971714,9606,HTR3A,2102,S(=O)(=O)(N(CC(CN1CCC(CNC(C2=C3C(=CC=C2)N=C(N3)C(C)C)=O)CC1)O)C)C
IFZNYQPTDBKBSE-UHFFFAOYNA-N,CHEMBL2204357,3359,A,7.54,chembl20,880265,9606,HTR3A,2102,N1(CCNCC1)C=2C(=CC=CC2)SC=3C(=C(C=CC3)C)C
IIYHWTVUYIYKKG-OXSSKLTMNA-N,CHEMBL231047,3359,N,4.0,chembl20,445995,9606,HTR3A,2102,C=1C=C2C(N3C=C4[C@@H]5N(C=C6[C@H]3C27[C@@H]8C[C@H]6/C(/C[N+]8(CC7)C)=C\CO)C9=C(C=CC=C9)[C@@]5%10CC[N+]%11([C@H]%10C[C@H]4/C(/C%11)=C\CO)C)=CC1
IJQKBGDDQMPHRI-MIHJWAIRNA-N,46233594,3359,A,6.5544,pubchem,461556,9606,HTR3A,2102,O=C(NC1C[C@H]2N([C@H](C1)CCC2)C)C3=NN(C=4C3=CC=C(O)C4)C
IKBKZGMPCYNSLU-CVLUXRRANA-N,5362436,3359,A,5.6,pubchem,758781,9606,HTR3A,2102,O(C1=CC=2C(=CNC2C=C1)C=NN/C(=N/CCCCC)/N)C
IKBKZGMPCYNSLU-ZZWUVVNPNA-N,CHEMBL76370,3359,A,5.6,chembl20,971714,9606,HTR3A,2102,C=1(C=2C(=CC=C(C2)OC)NC1)/C=N/N=C(N)NCCCCC
ILEZUEGFQWZUOZ-FVXCAPTGNA-N,76316952,3359,A,7.78781,pubchem,526452,9606,HTR3A,2102,FC1=CC=C(C=2OC=3C(N2)=C(C(=O)NC4C[C@@H]5N([C@H](C4)CCC5)C)C=CC3)C=C1
ILEZUEGFQWZUOZ-GSQNISDMNA-N,CHEMBL3084780,3359,A,7.79,chembl20,674333,9606,HTR3A,2102,[C@H]12N([C@H](CCC1)C[C@H](C2)NC(C3=C4N=C(OC4=CC=C3)C5=CC=C(C=C5)F)=O)C
IMXFSNJHDBFECE-NVFMGMGINA-N,CHEMBL1272121,3359,A,7.44,chembl20,674333,9606,HTR3A,2102,C1C2[C@@H](CN(C1)CC2)NC(C3=C4C(=CC=C3)OC(=N4)NCC)=O
GUUAJKBOCMZUJW-XQJVRFBCNA-N,9976826,3359,A,7.22185,pubchem,690391,9606,HTR3A,2102,O=C(N[C@@H]1C2CCN(C1)CC2)C=3OC4=C(C3)C=CC=C4C=5C(OC)=CC=CC5
GTIKAAJNYPWELX-UHFFFAOYNA-N,11464531,3359,A,7.34008,pubchem,536968,9606,HTR3A,2102,O=C1N(N)C(=NC2=C1C=CC=C2)CCCCN3CCN(CC3)C=4N=C5C(=CC4)C=CC=C5
GTMRUYCIJSNXGB-UHFFFAOYNA-N,11173546,3359,A,6.82391,pubchem,690443,9606,HTR3A,2102,N1(CC2C(C1)CN(C2)C3=NN=C(C=C3)C=4C=CC=CC4)C
HAMAPMMCMQNNBY-UHFFFAOYNA-N,21864917,3359,A,7.25181,pubchem,712522,9606,HTR3A,2102,S(C=1C(N2CCNCC2)=CC=CC1)C3=CC=C(C=C3)C
HAPCFLOUZRUZSM-LQFNOIFHNA-N,CHEMBL492395,79246,A,8.66,chembl20,523350,10116,HTR3A,2102,N1=C(C=2N(C=CC2)C3=C1C=C(C=C3)F)N4CCN(CC4)CC(=NO)O
GXBMTEAMDOVNLO-TVSYJCFYNA-N,10355682,3359,A,5.82074,pubchem,780308,9606,HTR3A,2102,O=C\1N(/C(/N(/C1=C/C=2C=3C(NC2)=CC=CC3)C)=N\C)C
GVXOUUHOWGMCHF-UHFFFAOYNA-N,11244122,15561,A,5.67428,pubchem,460741,10090,HTR3A,2102,O1C(N2C3CCN(CC3)CC2)=NC=4N=CC(=CC14)C5=CC=CC=C5
JHISKEZJFUUGOR-SKKVRFOWNA-N,CHEMBL2402899,3359,N,4.4,chembl20,971714,9606,HTR3A,2102,C=1C=C2C(=C(C1)C(NCC3CCN(CC3)CCN4CCN(CC4)C(C)=O)=O)NC(=N2)C(C)C
JIWMRJSKGUAANW-UHFFFAOYNA-N,11752512,3359,A,7.383,pubchem,536968,9606,HTR3A,2102,S1C2=C(CCCC2)C3=C1N=C(SCCCN4CCN(CC4)C=5N=C6C(=CC5)C=CC=C6)N(N)C3=O
JIXSQOGACRDRDG-UHFFFAOYNA-N,CHEMBL2205040,3359,A,6.59,chembl20,880265,9606,HTR3A,2102,N1(CCNCC1)C=2C(=CC=C(C2)C)SC=3C=CC(=CC3)C
JCHBKINXCIYGSB-DOXWYPEBNA-N,76320660,3359,A,6.70115,pubchem,643471,9606,HTR3A,2102,O=C(NC1C[C@H]2N([C@@H](C1)CCC2)C)C3=NN(C4=C3C=CC=C4)CCCNC(=O)C5=CC6=C(OC5=O)C=C(N(CC)CC)C=C6
JCHBKINXCIYGSB-KNUIZFDFNA-N,CHEMBL3084431,3359,A,6.7,chembl20,800919,9606,HTR3A,2102,[C@@H]12CCC[C@@H](C[C@H](NC(=O)C3=NN(CCCNC(C=4C(OC5=C(C4)C=CC(=C5)N(CC)CC)=O)=O)C=6C=CC=CC63)C1)N2C
JCMOIELRWILJKV-FQEVSTJZNA-N,53321868,3359,A,7.63078,pubchem,552106,9606,HTR3A,2102,FC1=CC=C(N2N=C3CN([C@@H]4C5CCN(C4)CC5)C(=O)C=6C3=C2C=CC6)C=C1
JCMOIELRWILJKV-HXUWFJFHNA-N,53317929,3359,A,8.10237,pubchem,552106,9606,HTR3A,2102,FC1=CC=C(N2N=C3CN([C@H]4C5CCN(C4)CC5)C(=O)C=6C3=C2C=CC6)C=C1
JBPBJYKHTQKMKP-UHFFFAOYNA-N,71455625,3359,A,6.19314,pubchem,710780,9606,HTR3A,2102,FC1=C2N=C(OCC3CCN(CC3)CCC)C4=C(N=CC=C4)C2=CC=C1
JBVRKZZSTULWTO-OAHLLOKONA-N,69937162,3359,A,9.30103,pubchem,1141224,9606,HTR3A,2102,ClC=1C=C2C(=O)N([C@H]3C4CCN(C3)CC4)CCN5N=CC(=C52)C1
JBVRKZZSTULWTO-OAHLLOKONA-N,CHEMBL3261483,15561,A,6.75,chembl20,1350972,10090,HTR3A,2102,C1=C(C=C2C=3N(N=C2)CCN(C(C13)=O)[C@H]4C5CCN(C4)CC5)Cl
JAHLECOUHIQGMD-ZEAXPUFNNA-N,70689424,79246,A,7.16115,pubchem,652569,10116,HTR3A,2102,O=C(NCCCCCCCCNC=1C=2CCCCC2N=C3C1C=CC=C3)C4=C(C(N5CCN(CC5)C)=NC=6C4=CC=CC6)C
IWAHUQRZIUVMSG-PJQSKVNONA-N,CHEMBL224246,3359,A,5.24,chembl20,578446,9606,HTR3A,2102,C1=CC=2C(N(C(NC2C=C1C(NCCCN3CCCCC3)=O)=O)CC4=CC=C(C=C4)Cl)=O
IYUQYZMILCFRJI-INIZCTEONA-N,69937258,3359,A,7.17005,pubchem,1141224,9606,HTR3A,2102,O=C1N([C@@H]2C3CCN(C2)CC3)CCN4C5=C1C=CC=C5C=C4
IYUQYZMILCFRJI-MRXNPFEDNA-N,CHEMBL3261479,3359,A,8.51,chembl20,1350968,9606,HTR3A,2102,C1=CC=C2C=3N(C=C2)CCN(C(C13)=O)[C@H]4C5CCN(C4)CC5
JAKRIQWSQWQJHM-UHFFFAOYNA-N,CHEMBL2397268,79246,A,6.12,chembl20,968969,10116,HTR3A,2102,C1=C(C=C2C(=C1)C(N(CC2)C(C=3C=CC=C(C3)Br)=O)COC4=CC=C(C=C4)OC)OCC5=CC=CC=C5
JSWZEAMFRNKZNL-GPQMBLKYNA-N,2099,3359,A,9.30103,pubchem,552106,9606,HTR3A,2102,O=C1N(CCC=2N(C=3C(C21)=CC=CC3)C)CC=4N=CNC4C
JTIOAVUBNSKIPD-FUNVUKJBNA-N,76313432,79246,A,7.49485,pubchem,455453,10116,HTR3A,2102,O(C1C[C@@H]2N[C@@H](CC2)C1)C(=O)C=3NC=4C(C3)=CC=CC4
JTIOAVUBNSKIPD-ITGUQSILNA-N,CHEMBL3084706,79246,A,7.49,chembl20,606511,10116,HTR3A,2102,[C@H]12N[C@H](C[C@H](C1)OC(=O)C=3NC4=C(C3)C=CC=C4)CC2
JQLTWKBKUQSAIX-KPBOYRJQNA-N,70685201,79246,A,7.82391,pubchem,652569,10116,HTR3A,2102,O=C(NCCOCCOCCOCCOCCOCCOCCOCCOCCOCCNC(=O)C1=C(C(N2CCN(CC2)C)=NC=3C1=CC=CC3)C)C4=C(C(N5CCN(CC5)C)=NC=6C4=CC=CC6)C
JRKIQFPYQPIURM-SPEPDGBUNA-N,CHEMBL225484,3359,A,5.68,chembl20,578446,9606,HTR3A,2102,C1=CC=2C(N(C(NC2C=C1C(=O)NCCN3CCCCC3)=O)CC4=CC=CC=C4F)=O
HMQQYASRCXSQBR-FVXCAPTGNA-N,76313435,3359,A,7.13194,pubchem,526452,9606,HTR3A,2102,ClC=1C=CC(C=2OC3=C(C(=O)NC4C[C@@H]5N([C@H](C4)CCC5)C)C=CC=C3N2)=CC1
HMQQYASRCXSQBR-GSQNISDMNA-N,CHEMBL3084759,3359,A,7.13,chembl20,674333,9606,HTR3A,2102,[C@H]12N([C@H](CCC1)C[C@H](C2)NC(C3=C4OC(=NC4=CC=C3)C=5C=CC(=CC5)Cl)=O)C
HOMWNUXPSJQSSU-UHFFFAOYNA-N,CHEMBL288591,3359,A,9.34,chembl20,864726,9606,HTR3A,2102,N1=C(N2CCN(CC2)C)C=CC=3C1=CC=CC3
HNDAZSYDBSRFST-UHFFFAOYNA-N,CHEMBL123137,3359,A,8.33,chembl20,864726,9606,HTR3A,2102,N1=C(N2CCN(CC2)C)C=NC=3C1=CC=CC3
HQYLURGLNKLOQJ-QLBOUFTONA-N,CHEMBL499536,3359,N,4.89,chembl20,851152,9606,HTR3A,2102,C=1C(=C([C@@H](OC(N[C@H]2C3CCN(C2)CC3)=O)C)C=CC1)F
HRBNJCZQEOOCBP-JJFURXLTNA-N,CHEMBL2402903,3359,N,4.0,chembl20,971714,9606,HTR3A,2102,S(=O)(=O)(N1CCC(CN2CCC(CNC(C3=C4C(=CC=C3)N=C(N4)C(C)C)=O)CC2)CC1)C
HKFMQJUJWSFOLY-OAQYLSRUNA-N,CHEMBL220808,3359,A,8.22,chembl20,462123,9606,HTR3A,2102,C1=CC=C2O[C@H](CCC2=C1)CNCC3=CC(=CN=C3)C4=CC=C(C=C4)F
HKGCNQMLKXHLLZ-UHFFFAOYNA-N,CHEMBL608726,15561,A,5.47,chembl20,611799,10090,HTR3A,2102,C12CCN(CCN1C3=NC4=C(O3)C=C(C=N4)C)CC2
HKJSZEAARPYKSF-PWIKPTQSNA-N,CHEMBL2402901,3359,N,4.3,chembl20,971714,9606,HTR3A,2102,C=1C=C2C(=C(C1)C(NCC3CCN(CC3)CC(CN(C(=O)OC)C)O)=O)NC(=N2)C(C)C
HKZXJCJPMIJTDL-MZSATQPUNA-N,CHEMBL596758,3359,A,6.63,chembl20,612614,9606,HTR3A,2102,C1=C(OC)C=C2C(=C1)C(=NN2C)C(NC3C[C@@H]4CCC[C@H](N4C)C3)=O
HBDDFXLYKUDJNH-UHFFFAOYNA-N,46179771,15561,A,5.9431,pubchem,460741,10090,HTR3A,2102,O1C(N2C3CCN(CC3)CC2)=NC4=NC(N5CCCCC5)=CC=C14
GCMUORFKRVZJNW-UHFFFAOYNA-N,CHEMBL597842,15561,A,8.47,chembl20,611799,10090,HTR3A,2102,C12CCN(CCN1C3=NC4=C(O3)C=CC(=C4)C)CC2
GHCKERHPOQWERJ-UHFFFAOYNA-N,CHEMBL148204,3359,A,6.0,chembl20,766545,9606,HTR3A,2102,N1=C2C(C=CC(=C2)N)=CC=3C1=CC=CC3
GSAVAAKDTVSQKT-HIPGWPFMNA-N,76327858,3359,A,8.72354,pubchem,461556,9606,HTR3A,2102,O=C(NC1C[C@H]2N([C@@H](C1)CCC2)C)C3=NN(C4=C3C=CC=C4)CCCN
GSAVAAKDTVSQKT-WKNPBHLHNA-N,CHEMBL2309589,3359,A,8.72,chembl20,612614,9606,HTR3A,2102,C1=CC=C2C(C(=NN2CCCN)C(N[C@@H]3C[C@@H]4CCC[C@@H](N4C)C3)=O)=C1
GSEARIWHWZTSPV-UHFFFAOYNA-N,11374124,3359,A,7.34104,pubchem,536968,9606,HTR3A,2102,O=C1N(N)C(=NC=2C1=CC(=CC2)C)CCCCN3CCN(CC3)C=4N=C5C(=CC4)C=CC=C5
GLWWAUFFFXRHOL-UHFFFAOYNA-N,CHEMBL489060,3359,A,8.18,chembl20,864726,9606,HTR3A,2102,C1=C(C=C2C(N=C(N3CCN(CC3)C)N=C2N(C)C)=C1)Cl
GNITVWLUINGTBR-WYUMXYHSNA-N,CHEMBL489062,3359,A,8.95,chembl20,864726,9606,HTR3A,2102,C1=C(C=C2C(N=C(N3CCN(CC3)C)N=C2NC)=C1)Cl
GRQDDYOXJKSBNX-YHSKDTNENA-N,CHEMBL2169970,3359,A,8.84,chembl20,864726,9606,HTR3A,2102,N=1C(=CC(=C2C=CC=CC12)N)N3CCN(CC3)C
IRNHNTVMAZMVND-UHFFFAOYNA-N,53237667,3359,A,7.19382,pubchem,712522,9606,HTR3A,2102,S(C=1C(N2CCNCC2)=CC=CC1)C=3C=C(C=CC3)C
IQJBDRJDMXGXFH-OSNXYGPANA-N,62705129,3359,A,6.1831,pubchem,780308,9606,HTR3A,2102,BrC=1C=2C(/C=C\3/N(C(N(C3=O)C)=N)C)=CNC2C=CC1
IONCWLLKDMISKP-UHFFFAOYNA-N,CHEMBL2204363,3359,A,8.14,chembl20,880265,9606,HTR3A,2102,N1(CCNCC1)C=2C(=CC=CC2)SC=3C(=CC(=CC3)C)Cl
IOUSMYRYFCYRJU-MPIMZMORNA-N,CHEMBL184770,3359,A,5.0,chembl20,932184,9606,HTR3A,2102,N1N=C2C=C(CCN3CCN(CC3)C4=C(C(C)=CC=C4)C)C=CC2=N1
IPKZCLGGYKRDES-YXSUSBOTNA-N,9930121,79246,A,6.20066,pubchem,331229,10116,HTR3A,2102,O=C(N[C@@H]1C2CCN(C1)CC2)C3=NC=C4OC=CC4=C3
ISRIWKVGGLFNBT-SPEPDGBUNA-N,CHEMBL224008,3359,A,5.57,chembl20,578446,9606,HTR3A,2102,C1=CC=2C(N(C(NC2C=C1C(NCCN3CCCCC3)=O)=O)CC4=CC=CC(=C4)OC)=O
IQDHHFRBYSXXIU-UHFFFAOYNA-N,24995995,79246,A,7.52288,pubchem,648454,10116,HTR3A,2102,O(CCCN1CCCCC1)C2=CC=C(C=C2)C3=CC(=O)N(N=C3)C
IQDHHFRBYSXXIU-UHFFFAOYNA-N,CHEMBL1958134,3359,A,7.89,chembl20,805903,9606,HTR3A,2102,C1(C=C(C=NN1C)C=2C=CC(=CC2)OCCCN3CCCCC3)=O
JJKSXCUVAHBTLA-UHFFFAOYNA-N,CHEMBL2169973,3359,A,6.69,chembl20,864726,9606,HTR3A,2102,N=1C(=CC=C2C(=CC=CC12)N)N3CCN(CC3)C
JJNKQQZKWYVYGT-UHFFFAOYNA-N,CHEMBL2205035,3359,A,6.57,chembl20,880265,9606,HTR3A,2102,N1(CCNCC1)C=2C(=CC=CC2)OC=3C(=CC(=CC3)C)C
JMUQZICSXGDWKN-UAZVUVBBNA-N,CHEMBL415569,3359,N,4.52,chembl20,445995,9606,HTR3A,2102,C1=CC=C2N3C=C4[C@H](N(C5=CC=CC=C5)[C@H]6[C@H]7[C@H]3[C@@]8(C2=C1)CC[N+]9(C%10CCCC=C%10)[C@H]8C[C@H]7C(=CCO6)C9)[C@H]%11CC[N+]%12([C@H]%11C[C@H]4/C(/C%12)=C\CO)C%13CCCC=C%13
JLRCCKQYIBQABB-DLGLGFIGNA-N,CHEMBL19114,79246,A,5.13,chembl20,3410,10116,HTR3A,2102,C=12C=C(C(=O)N)C=CC1OC=C2CCN
JLUNJQZXCXTHSJ-UHFFFAOYNA-N,CHEMBL605573,15561,A,5.17,chembl20,611799,10090,HTR3A,2102,C1=C(N=C2C(OC(=N2)N3C4CCN(CC4)CC3)=C1)OC5=CC=CC=C5
JOEZRUWANPRMKY-INIZCTEONA-N,CHEMBL1643886,3359,A,8.7,chembl20,700634,9606,HTR3A,2102,C1=C2C(N(CC3=NN(C(C=C1)=C32)CC)[C@@H]4C5CCN(C4)CC5)=O
JOEZRUWANPRMKY-MRXNPFEDNA-N,CHEMBL1643887,3359,A,8.8,chembl20,700634,9606,HTR3A,2102,C1=C2C(N(CC3=NN(C(C=C1)=C32)CC)[C@H]4C5CCN(C4)CC5)=O
JOKSOQGSLVTYPP-YIRBZYSLNA-N,CHEMBL1277561,3359,A,6.6,chembl20,684899,9606,HTR3A,2102,N1([C@H]2CCC(=C3N=C4C(C(N3N)=O)CCCC4)CC2)CCN(C=5N=C6C=CC=CC6=CC5)CC1
KWVHDIHZHBHZBJ-KSGLLHJINA-N,CHEMBL598803,3359,A,6.43,chembl20,612614,9606,HTR3A,2102,C1=CC=C2C(C(C(NC3C[C@@H]4CCC[C@H](N4C)C3)=O)=NN2C)=C1OCC5=CC=CC=C5
KJVGBWURWKYDCH-YGPBECBDNA-N,CHEMBL475331,3359,A,10.29,chembl20,864726,9606,HTR3A,2102,C1=CC2=NC(=NC(=C2C=C1)N)N3CCN(CC3)C
JIGWWGDIEUWCOR-UHFFFAOYNA-N,CHEMBL3235480,3359,A,6.64,chembl20,1335278,9606,HTR3A,2102,S1(=O)(=O)C=2C(C=3C1=CC(=CC3)N4C5CCN(CC4)CC5)=CC=CC2F
LMTXWHZJQVZDNU-UHFFFAOYNA-N,CHEMBL137621,79246,A,8.66,chembl20,592418,10116,HTR3A,2102,C=1C=NC=2N=C(N3CCN(CC3)CC4=CC=CC=C4)C=5N(C=CC5)C2C1
LPVJMOSCTXWSBO-UHFFFAOYNA-N,CHEMBL597681,15561,A,6.9,chembl20,611799,10090,HTR3A,2102,C12CCN(CC1)CCN2C3=NC4=C(O3)N=C(C=C4)C
LPYIFDLQYWSXGD-SKKVRFOWNA-N,CHEMBL2401750,3359,N,4.0,chembl20,971714,9606,HTR3A,2102,C=1C=C2C(=C(C1)C(NCC3CCN(CC3)CC4CCN(CC4)C(C)=O)=O)NC(=N2)C(C)C
LQLAPWUVEHKEPV-UHFFFAOYNA-N,53237436,3359,A,7.4437,pubchem,712522,9606,HTR3A,2102,S(C=1C(N2CCNCC2)=CC=CC1)C3=CC=C(OC)C=C3
LQUXBKWFRHQNFV-QWOVJGMINA-N,44157831,79246,A,7.18709,pubchem,375321,10116,HTR3A,2102,FC1=CC=2N=C(N3CCN(CC3)CC4=NNN=N4)C=5N(C2C=C1)C=CC5
LQUXBKWFRHQNFV-UYBDAZJANA-N,CHEMBL466456,79246,A,7.19,chembl20,523350,10116,HTR3A,2102,N=1C=2C=C(C=CC2N3C(C1N4CCN(CC4)CC5=NN=NN5)=CC=C3)F
LLZLRXCVMYYKBH-OKPOJWAQNA-N,23155976,3359,A,7.35458,pubchem,536968,9606,HTR3A,2102,S1C2=C(CCCC2)C3=C1N=C(SCCCN4CCN(CC4)C=5N=C6C(=CC5)C=CC=C6)N=C3O
HBDLBTSITBUDIR-GOSISDBHNA-N,CHEMBL1945843,3359,A,8.96,chembl20,805907,9606,HTR3A,2102,O(CCCN1[C@@H](CCC1)C)C2=CC=C(C=C2)C=3C=NN(C=4N=CC=CC4)C(C3)=O
HBDLBTSITBUDIR-GOSISDBHNA-N,CHEMBL1945843,79246,A,8.8,chembl20,805908,10116,HTR3A,2102,O(CCCN1[C@@H](CCC1)C)C2=CC=C(C=C2)C=3C=NN(C=4N=CC=CC4)C(C3)=O
HBDLBTSITBUDIR-SFHVURJKNA-N,CHEMBL1958328,3359,A,7.96,chembl20,805903,9606,HTR3A,2102,C1(C=C(C=NN1C2=CC=CC=N2)C=3C=CC(=CC3)OCCCN4[C@H](CCC4)C)=O
HBDLBTSITBUDIR-SFHVURJKNA-N,CHEMBL1958328,79246,A,7.54,chembl20,805902,10116,HTR3A,2102,C1(C=C(C=NN1C2=CC=CC=N2)C=3C=CC(=CC3)OCCCN4[C@H](CCC4)C)=O
GVOCXQUIZNWEMU-YAQRNVERNA-N,14712103,3359,N,,pubchem,616534,9606,HTR3A,2102,N(CCC=1NC=NC1)CC2=CC=CC=C2
GTUIQNHJSXQMKW-UHFFFAOYNA-N,24795080,3359,A,6.1549,pubchem,704948,9606,HTR3A,2102,ClC=1OC(C(=O)N2CC3C(C2)CNC3)=CC1
GTUIQNHJSXQMKW-UHFFFAOYNA-N,CHEMBL2179529,15561,A,5.6,chembl20,872694,10090,HTR3A,2102,C12CN(CC1CNC2)C(=O)C3=CC=C(O3)Cl
IBPWGZKZWJYGLA-SREBMQDQNA-N,CHEMBL15056,3359,A,9.48,chembl20,462123,9606,HTR3A,2102,C=1(C2=C(CCCC2)N=C3C1C=CC=C3)NCCC4=CC=C(C=C4)OCCCN5CCCCC5
IATGNHOMUXVGCQ-QNMPHTIANA-N,CHEMBL1272232,3359,A,8.33,chembl20,674333,9606,HTR3A,2102,C1C2[C@@H](CN(C1)CC2)NC(C3=C4C(=CC(=C3)Cl)OC(=N4)N)=O
LAVUQEXAFISFHO-LELJVTLKNA-N,CHEMBL1210515,3359,A,5.1,chembl20,643571,9606,HTR3A,2102,N1(C(=O)C(CC(=N1)C2CCCCC2)=CC3=CC=CO3)CC(=O)NC4CC5=C(C4)C=CC=C5
LDGNYEXMQRXXIW-UHFFFAOYNA-N,CHEMBL2169890,3359,A,8.13,chembl20,864726,9606,HTR3A,2102,N1=C(N=CC2=CC(=CC=C12)Cl)N3CCN(CC3)C
LCGYRMCRRGNDFQ-MPIMZMORNA-N,CHEMBL490072,3359,A,7.1,chembl20,864726,9606,HTR3A,2102,C1=C(C=C2C(=NC(N3CCN(CC3)C)=NC2=C1)NCCC4=CC=CC=C4)Cl
LBXVOPLYLDLZEV-UYBDAZJANA-N,CHEMBL295155,79246,A,8.05,chembl20,3404,10116,HTR3A,2102,C1(C(NC2C3CN4CC2CC(C4)C3)=O)=C(C=C(C(=C1)Cl)N)OC
KMAHQUWVTWBRDK-JTLRUVFGNA-N,CHEMBL597984,3359,A,7.23,chembl20,612614,9606,HTR3A,2102,C1=CC=C2C(C(=NN2C)C(NC3C[C@@H]4CCC[C@H](N4CC5=CC=CC=C5)C3)=O)=C1
KMQUSSWWYBEKHN-ACWQOLICNA-N,CHEMBL3084444,3359,A,6.68,chembl20,800919,9606,HTR3A,2102,O=C(C=1C(=CC=C(NC(NCCOCCOCCOC=2C=CC=C3C2N(N=C3C(N[C@H]4C[C@@H]5N([C@@H](CCC5)C4)C)=O)C)=S)C1)C6=C7C(OC=8C6=CC=C(C8)O)=CC(C=C7)=O)O
KMQUSSWWYBEKHN-DTHQEKEPNA-N,76309736,3359,A,6.68194,pubchem,643471,9606,HTR3A,2102,S=C(NC1=CC(=C(C=2C3=C(OC=4C2C=CC(=O)C4)C=C(O)C=C3)C=C1)C(O)=O)NCCOCCOCCOC=5C=6N(N=C(C(=O)NC7C[C@@H]8N([C@H](C7)CCC8)C)C6C=CC5)C
KOTAZQOZDGBEDN-XBTAAFKLNA-N,CHEMBL2180836,3359,N,4.5,chembl20,877121,9606,HTR3A,2102,C1CCCCCN1CCCC(NC=2C=C(NN2)C3=CC=C(C=C3)OC)=O
KKQAFQIZABQOOY-JIUYJQJDNA-N,CHEMBL3084441,3359,A,8.72,chembl20,800919,9606,HTR3A,2102,N(C(=O)C=1C(OC=2C=C(C=CC2C1)N(CC)CC)=O)CCOC3=CC=CC4=C3N(N=C4C(N[C@H]5C[C@@H]6CCC[C@@H](N6C)C5)=O)C
KKQAFQIZABQOOY-VUSNXNKCNA-N,76324305,3359,A,8.72125,pubchem,643471,9606,HTR3A,2102,O=C(NC1C[C@@H]2N([C@H](C1)CCC2)C)C3=NN(C4=C3C=CC=C4OCCNC(=O)C5=CC6=C(OC5=O)C=C(N(CC)CC)C=C6)C
KINBZTGMJRQTER-XBXBPLPCNA-N,CHEMBL224648,3359,N,4.8,chembl20,578446,9606,HTR3A,2102,C1=CC=2C(N(C(NC2C=C1C(=O)NCCN3CCOCC3)=O)CC4=CC=C(C=C4)Cl)=O
KMWRABRPTOODHP-UHFFFAOYNA-N,CHEMBL2181189,3359,A,6.15,chembl20,878523,9606,HTR3A,2102,C=1C=C(C=2C(C1)=C3C(=C(N2)OCC4CCN(CC4)CCC)C=CC=C3)F
KOCIMJYSVMTYIG-UHFFFAOYNA-N,53237892,3359,A,7.48149,pubchem,712522,9606,HTR3A,2102,S(C=1C(N2CCNCC2)=CC=CC1)C3=CC(=C(C=C3)C)C
JXEWFPXPEYRYSN-XBXBPLPCNA-N,CHEMBL224159,3359,N,4.7,chembl20,578446,9606,HTR3A,2102,C1=CC=2C(N(C(NC2C=C1C(=O)NCCN3CCOCC3)=O)CC4=CC=C(C=C4)F)=O
KDTJORYHBNCAEH-HQWBRPTQNA-N,CHEMBL2011589,79246,A,7.15,chembl20,809641,10116,HTR3A,2102,N1=C(C(=C(C2=CC=CC=C12)C(=O)NCCCCCCNC=3C4=CC=CC=C4N=C5CCCCC35)C)N6CCN(CC6)C
LTNICOZLLWAENB-CATZCVBWNA-N,CHEMBL2402896,3359,A,5.9,chembl20,971714,9606,HTR3A,2102,S(=O)(=O)(N1CCN(CC(CN2CCC(CNC(C=3C4=C(C=C(C3)Cl)N=C(N4)C(C)C)=O)CC2)O)CC1)C
LUAPLNWRHHWKLK-UHFFFAOYNA-N,CHEMBL63863,3359,A,8.84,chembl20,3480,9606,HTR3A,2102,C=1(N(C2=CC=CC=C2N1)CC3=CC4=CC=CC=C4C=C3)N5CCNCC5
LZFIKFXIHTZOJR-HCKMINDGNA-N,CHEMBL1824048,3359,A,8.8,chembl20,766545,9606,HTR3A,2102,C=1C=C2C(NC(=N2)C=C3CCN(CC3)C)=CC1Cl
LZFIKFXIHTZOJR-WYUMXYHSNA-N,56672434,3359,A,8.80134,pubchem,616534,9606,HTR3A,2102,ClC1=CC=2N=C(NC2C=C1)C=C3CCN(CC3)C
MREMSPSMZSVSJS-UHFFFAOYNA-N,CHEMBL2181171,3359,A,6.17,chembl20,878523,9606,HTR3A,2102,C1=2C(C=3C(N=C1OCC4CCN(CCC)CC4)=CC=CC3)=NC=CC2
MRKYTIJPEALHEE-LILDFLRNNA-N,CHEMBL558226,3359,A,8.92,chembl20,3469,9606,HTR3A,2102,C1(C(NC2C3C4CC2CN(C3)C4)=O)=C(C=C(C(=C1)Cl)N)OC
MRKYTIJPEALHEE-NTTPYYNONA-N,CHEMBL2448165,79246,A,8.92,chembl20,3404,10116,HTR3A,2102,C1(C(N[C@H]2C3C4CN(CC2C4)C3)=O)=C(C=C(C(=C1)Cl)N)OC
MRKYTIJPEALHEE-WSEFQYLENA-N,CHEMBL2448137,79246,A,8.41,chembl20,3404,10116,HTR3A,2102,C1(C(N[C@@H]2C3C4CN(CC2C4)C3)=O)=C(C=C(C(=C1)Cl)N)OC
MLNBDGCWHJVZAI-UHFFFAOYNA-N,CHEMBL1276922,3359,A,7.66,chembl20,684849,9606,HTR3A,2102,N1=C(CCCCN2CCN(CC2)C=3N=C4C=CC=CC4=CC3)N(N)C(C5=C1SC6=C5CCN(C6)C(C)=O)=O
MNJNPLVXBISNSX-PBWFPOADNA-N,671690,3359,A,8.40894,pubchem,611936,9606,HTR3A,2102,ClC1=CC(C(OC2C[C@H]3N([C@H](CC3)C2)C)=O)=CC(Cl)=C1
MNJNPLVXBISNSX-UHFFFAOYNA-N,1683,3359,A,8.02687,pubchem,346456,9606,HTR3A,2102,ClC1=CC(C(OC2CC3N(C(CC3)C2)C)=O)=CC(Cl)=C1
MNJNPLVXBISNSX-WDNDVIMCNA-N,CHEMBL2107804,3359,A,8.6,chembl20,965430,9606,HTR3A,2102,C(O[C@@H]1C[C@H]2N([C@@H](C1)CC2)C)(=O)C=3C=C(C=C(C3)Cl)Cl
MNODGVITNFISIZ-FAEDXPJTNA-N,52945520,3359,A,7.86012,pubchem,526452,9606,HTR3A,2102,O=C(N[C@H]1C2CCN(C1)CC2)C3=C4N=C(OC4=CC=C3)N
KVCSJPATKXABRQ-MPIMZMORNA-N,CHEMBL356359,3359,A,6.0,chembl20,564428,9606,HTR3A,2102,C12=C(C=3C=CC=CC3N1CCCO2)C(NCC4CCN(CCCC)CC4)=O
KVRNIHXCXMCIQM-FVXCAPTGNA-N,76316953,3359,A,7.02273,pubchem,526452,9606,HTR3A,2102,FC=1C=CC(C=2OC3=C(C(=O)NC4C[C@@H]5N([C@H](C4)CCC5)C)C=CC=C3N2)=CC1
KVRNIHXCXMCIQM-GSQNISDMNA-N,CHEMBL3084784,3359,A,7.02,chembl20,674333,9606,HTR3A,2102,[C@H]12N([C@H](CCC1)C[C@H](C2)NC(C3=C4OC(=NC4=CC=C3)C=5C=CC(=CC5)F)=O)C
KVWDHTXUZHCGIO-UHFFFAOYNA-N,CHEMBL715,3359,A,6.0,chembl20,1329312,9606,HTR3A,2102,C12=C(NC3=CC=CC=C3N=C1N4CCN(CC4)C)SC(=C2)C
KSCRMMICZJKBQC-SQBIMTKRNA-N,70687357,79246,A,7.55284,pubchem,652569,10116,HTR3A,2102,O=C(NCCCCCCNC(=O)C1=C(C(N2CCN(CC2)C)=NC=3C1=CC=CC3)C)C4=C(C(N5CCN(CC5)C)=NC=6C4=CC=CC6)C
KNSUADXKFTZSIZ-RTBURBONNA-N,CHEMBL459900,3359,N,4.0,chembl20,566267,9606,HTR3A,2102,C(#CC1=CC2=C(C=C1)OC=C2)[C@@H]3C[C@H](CN4CCCCC4)C(=O)N3C
LGWFAAILRNJWJB-KAASGWQYNA-N,CHEMBL379302,3359,A,6.51,chembl20,851152,9606,HTR3A,2102,C1N2CCC([C@@H](NC(C3=CC4=C(C=C3)C=CO4)=O)C2)C1
METSJAKLYHXMLS-UHFFFAOYNA-N,49836154,3359,A,7.06248,pubchem,536968,9606,HTR3A,2102,O=C1N(N)C(N=C2C1CCCC2)=CN3CCN(CC3)C=4N=C5C(=CC4)C=CC=C5
MDDLXKDIADSAQA-UHFFFAOYNA-N,CHEMBL1277463,3359,A,7.0,chembl20,684849,9606,HTR3A,2102,C(N1CCN(C=2C=CC=3C(N2)=CC=CC3)CC1)CCSC4=NC5=C(C6=C(S5)CNCC6)C(N4N)=O
MDTICLULVWNTBA-PUXXYCQMNA-N,CHEMBL2011597,79246,A,6.9,chembl20,809641,10116,HTR3A,2102,C(CCCCCNC(=O)OC(C)(C)C)CCNC(C1=C(C(=NC=2C1=CC=CC2)N3CCN(CC3)C)C)=O
MDTKNEDEHYXCRY-OSNXYGPANA-N,62705130,3359,A,5.91257,pubchem,780308,9606,HTR3A,2102,BrC=1C=2NC=C(C2C=CC1)/C=C\3/N(C(N(C3=O)C)=N)C
MBWUFSQDLZYQLA-UHFFFAOYNA-N,53237671,3359,A,7.49485,pubchem,712522,9606,HTR3A,2102,S(C=1C(N2CCNCC2)=CC=CC1)C=3C(=CC=CC3)C
MBYAMJFNDALRJQ-OAHLLOKONA-N,49843532,3359,A,8.09151,pubchem,1141224,9606,HTR3A,2102,O=C1N([C@H]2C3CCN(C2)CC3)CCN4N=CC=5C4=C1C=CC5
MBYAMJFNDALRJQ-OAHLLOKONA-N,CHEMBL3261481,15561,A,6.75,chembl20,1350972,10090,HTR3A,2102,C=1C=CC2=C3N(N=C2)CCN(C(C13)=O)[C@H]4C5CCN(C4)CC5
MVPNSMFTWVNMPO-UHFFFAOYNA-N,CHEMBL136536,79246,A,8.06,chembl20,592418,10116,HTR3A,2102,C1=CC=C2N=C(N3CCN(CC3)CC4=CC=CC=C4)C=5N(C=CC5)C2=C1C
MUIUUGJVKFYPIF-DVIAZDKANA-N,46831055,3359,A,5.10237,pubchem,483825,9606,HTR3A,2102,O=C(NCCCCN1CCCCC1)NC2=CC=C(C=C2)C3=CC=CC=C3
MUOXAGUZMVATIC-UHFFFAOYNA-N,CHEMBL453996,3359,A,6.51,chembl20,564831,9606,HTR3A,2102,C=1C=C2C=C(C=CC2=CC1)OCC3CCNCC3
MUQUYTSLDVKIOF-ZLQAUXCTNA-N,CHEMBL3085543,3359,N,4.0,chembl20,445995,9606,HTR3A,2102,C1=CC=C2C(C34[C@@H]5C[C@H](C=6[C@@H]3N2C=C7[C@@H]8N(C6)C=9C=CC=CC9[C@@]8%10CC[N@@+]%11([C@H]%10C[C@H]7/C(/C%11)=C\CO)CC=C)/C(/C[N+]5(CC4)CC=C)=C\CO)=C1
MYBMSIDXODXJBU-UHFFFAOYNA-N,CHEMBL1276833,3359,A,7.3,chembl20,684849,9606,HTR3A,2102,N1=C(N(C(=O)C=2C(=C(C)SC21)C)N)SCCCN3CCN(CC3)C=4N=C5C(=C(C4)C)C=CC=C5
NBYYGODJBZAJJF-WOJBJXKFNA-N,CHEMBL459689,3359,N,4.6,chembl20,566267,9606,HTR3A,2102,C(#CC1=CC2=C(C=C1)N(C=C2)C)[C@H]3N(C)C(=O)[C@H](C3)CN4CCCCC4
MYXOSHHXRWCJCA-LMCIUNBQNA-N,CHEMBL3084437,3359,A,5.2,chembl20,800919,9606,HTR3A,2102,C(=S)(NC=1C=C(C(=CC1)C2=C3C=CC(C=C3OC=4C2=CC=C(C4)O)=O)C(=O)O)NCCOCCOCCN5C6=CC=CC=C6C(=N5)C(N[C@H]7C[C@@H]8CCC[C@@H](N8C)C7)=O
MYXOSHHXRWCJCA-VVWCNFPNNA-N,76335133,3359,A,5.20066,pubchem,643471,9606,HTR3A,2102,S=C(NC1=CC(=C(C=2C3=C(OC=4C2C=CC(=O)C4)C=C(O)C=C3)C=C1)C(O)=O)NCCOCCOCCN5N=C(C(=O)NC6C[C@H]7N([C@@H](C6)CCC7)C)C=8C5=CC=CC8
MZOITCJKGUIQEI-SKKVRFOWNA-N,CHEMBL2402904,3359,N,4.0,chembl20,971714,9606,HTR3A,2102,C=1C=C2C(=C(C1)C(NCC3CCN(CC3)CC4CCN(CC4)C(OC)=O)=O)NC(=N2)C(C)C
NADMOKMSPBJASV-HCKMINDGNA-N,CHEMBL93919,3359,A,9.38,chembl20,3465,9606,HTR3A,2102,N=1C(C=2C(OC)=CC=CC2)=CSC1CC=3NC=NC3C
NZXGDKLTTHIYTB-NDKGDYFDNA-N,CHEMBL292066,3359,A,7.72,chembl20,3480,9606,HTR3A,2102,C1(=NC=2C=CC=CC2N1)N3CCNCC3
NWNWYYITEHIGQE-LQFNOIFHNA-N,CHEMBL33884,3359,A,5.0,chembl20,564428,9606,HTR3A,2102,N1(CCC(COC(C2=CN(C=3C=CC=CC23)C)=O)CC1)CC=NS(O)(=O)C
NYLTZSWXKJWKOY-UYBDAZJANA-N,CHEMBL571483,79246,A,8.65,chembl20,592418,10116,HTR3A,2102,C=1C(=CC=2N=C(N3CCN(CC3)CC4=CNC=N4)C=5N(C=CC5)C2C1)O
NYNPDVHTKWVOLU-PKDVVFMDNA-N,CHEMBL419496,3359,A,9.0,chembl20,851152,9606,HTR3A,2102,C=1(C(N[C@H]2CN3CCC2CC3)=O)C4=C(CCO4)C=C(C1)Cl
NVNVERQZWUUANS-XBXBPLPCNA-N,CHEMBL224389,3359,A,5.72,chembl20,578446,9606,HTR3A,2102,C=1C(=CC=2NC(N(C(C2C1)=O)C3=CC=C(C=C3)F)=O)C(=O)NCCN4CCCCC4
NTHPAPBPFQJABD-GZURDMDWNA-N,CHEMBL1643895,3359,A,10.22,chembl20,700634,9606,HTR3A,2102,O=C(C=1C2=C(N(C1)C)C=CC=C2)[C@H]3CC=4N=CNC4CC3
NTHPAPBPFQJABD-KQEWOFGYNA-N,CHEMBL1628655,3359,A,9.82,chembl20,689168,9606,HTR3A,2102,C=1(C2=CC=CC=C2N(C1)C([3H])([3H])[3H])C(C3CCC=4N=CNC4C3)=O
NTHPAPBPFQJABD-SRIDJUQPNA-N,108000,3359,A,10.2218,pubchem,552106,9606,HTR3A,2102,O=C([C@@H]1CCC=2N=CNC2C1)C=3C=4C(N(C3)C)=CC=CC4
NJSFLPPGJOTCQD-YIGIZFADNA-N,CHEMBL229998,3359,N,4.64,chembl20,445992,9606,HTR3A,2102,C=1C=C2[C@@]34CC[N+]5(CC=6[C@@H]([C@@H]7[C@@H]3N([C@H]8[C@H]9[C@H](N([C@@H]7OCC6)C%10=CC=CC=C%10)[C@@H]%11[C@@H]%12C[C@H]9C(=CCO8)C[N+]%12(CC%13=CC=C(C=C%13)N(=O)=O)CC%11)C2=CC1)C[C@@H]45)CC%14=CC=C(C=C%14)N(=O)=O
NMVUENQHTGODKP-UHFFFAOYNA-N,11680667,15561,A,6.26201,pubchem,460741,10090,HTR3A,2102,FC=1C=C2OC(N3C4CCN(CC4)CC3)=NC2=NC1C
NQXSFBZVBLPNCG-UHFFFAOYNA-N,CHEMBL2047574,3359,N,4.53,chembl20,827288,9606,HTR3A,2102,C(CCN1CCC(=CC1)CC=2C=CC=CC2)(O)C=3C=C(C(=CC3)Cl)Cl
NRJJRVIMKKANAW-UHFFFAOYNA-N,1408942,3359,N,,pubchem,616534,9606,HTR3A,2102,N1(CCN(CC1)C)C=2N=CN=C(C2)C3=CC=CC=C3
NNJAFUNKEIDAAF-DVIAZDKANA-N,CHEMBL225543,3359,A,5.7,chembl20,578446,9606,HTR3A,2102,C=1C(=CC=2NC(N(C(C2C1)=O)C3CCCCC3)=O)C(NCCN4CCCCC4)=O
NLWMJOOAJCUQKB-UHFFFAOYNA-N,CHEMBL2205053,3359,A,6.96,chembl20,880265,9606,HTR3A,2102,N1(CCNCC1)C=2C(=CC=CC2)SC=3C=C(C(=CC3)Cl)Cl
NODLIVGDESORFX-ZEAXPUFNNA-N,70691531,79246,A,7.05061,pubchem,652569,10116,HTR3A,2102,O=C(NCCOCCOCCOCCOCCOCCOCCOCCNC(OC(C)(C)C)=O)C1=C(C(N2CCN(CC2)C)=NC=3C1=CC=CC3)C
OMMHQUDWONZRDG-UHFFFAOYNA-N,53237661,3359,A,6.85387,pubchem,712522,9606,HTR3A,2102,S(C=1C(N2CCNCC2)=CC=CC1)C3=CC=C(C=C3)C(F)(F)F
OMRBXLRIRPGSJD-UHFFFAOYNA-N,CHEMBL2205031,3359,A,7.35,chembl20,880265,9606,HTR3A,2102,N1(CCNCC1)C=2C(=CC(=CC2)C)SC=3C(=CC(=CC3)C)C
OMACXBJTMXFHCQ-UHFFFAOYNA-N,49837354,3359,A,7.11014,pubchem,536968,9606,HTR3A,2102,S1C2=C(CCN(C2)C(=O)C)C3=C1N=C(SCCCN4CCN(CC4)C=5N=C6C(=CC5)C=CC=C6)N(N)C3=O
OHGAQBAXUOYIOB-MVFHNMKANA-N,CHEMBL572038,3359,A,5.46,chembl20,598654,9606,HTR3A,2102,C1[C@](C2=CC=CC(=C2)OC)([C@H](CCC1)CN(CCNC(C=3C(=CC(=C(C3)Cl)N)OC)=O)C)O
OHGAQBAXUOYIOB-PGYCIZRNNA-N,CHEMBL584743,3359,A,5.31,chembl20,598654,9606,HTR3A,2102,C1[C@@](C2=CC=CC(=C2)OC)([C@@H](CCC1)CN(CCNC(C=3C(=CC(=C(C3)Cl)N)OC)=O)C)O
OHKKNUFVKFSRIU-YHMIABHZNA-N,CHEMBL523716,79246,A,9.1,chembl20,523350,10116,HTR3A,2102,N1=C(C=2N(C=CC2)C3=C1C=C(C=C3)F)N4CCN(CC4)C/C(/N)=N/O
OHXKHPFEXVDLQZ-VJSLDGLSNA-N,CHEMBL1277006,3359,A,7.61,chembl20,684849,9606,HTR3A,2102,N=1C(=NC(=C2CCCCC12)O)CCCCN3CCN(CC3)C=4N=C5C=CC=CC5=CC4
OICQCECVOFFRAG-VEWCPZSHNA-N,CHEMBL462417,3359,N,4.93,chembl20,864726,9606,HTR3A,2102,C1=C(C=C2C(=C1)N=C(NCCC3CN(CC3)C)N=C2NC)Cl
ONIODQRFDDUVAG-UHFFFAOYNA-N,CHEMBL2205033,3359,A,6.89,chembl20,880265,9606,HTR3A,2102,N1(CCN(CC1)C)C=2C(=CC=CC2)SC=3C(=CC(=CC3)C)C
OIVVFYLMLVRCHQ-MZSATQPUNA-N,46233560,3359,A,7.58004,pubchem,461556,9606,HTR3A,2102,O=C(NC1C[C@H]2N([C@H](C1)CCC2)C)C3=NN(C=4C3=C(OC)C=CC4)C
OJGZHBJNBKIPHW-WYUMXYHSNA-N,CHEMBL329179,3359,A,8.71,chembl20,3465,9606,HTR3A,2102,N=1C(C=2C(F)=CC=CC2)=CSC1CC=3N=CNC3C
OMLDMGPCWMBPAN-GPQMBLKYNA-N,CHEMBL1748,3359,A,5.8,chembl20,598654,9606,HTR3A,2102,N1CCC(C(C1)OC)NC(C=2C(=CC(=C(C2)Cl)N)OC)=O
OLLHYYCQHNBTQC-UHFFFAOYNA-N,CHEMBL479683,3359,A,5.6,chembl20,1296927,9606,HTR3A,2102,C=1C=C(C=CC1)CCC2=CC(C=3C(O2)=CC=CC3O)=O
PBZNWDCSSPCDNF-URUYPZNPNA-N,CHEMBL1272123,3359,A,7.18,chembl20,674333,9606,HTR3A,2102,C1C2[C@@H](CN(C1)CC2)NC(C3=C4C(OC(=N4)N(C)C(C)C)=CC=C3)=O
PDGZHMCTFNGBMB-UHFFFAOYNA-N,10826756,79246,A,9.1549,pubchem,375597,10116,HTR3A,2102,OC=1C=C2N=C(N3CCN(CC3)C)C=4N(C2=CC1)C=CC4
PELIXYXPUAFHOR-YHSKDTNENA-N,CHEMBL473302,3359,A,7.92,chembl20,864726,9606,HTR3A,2102,C=1C=C2N=C(N3CCN(CC3)C)N=C(C2=CC1Cl)N
PCXDWBYAWMJZSM-GPQMBLKYNA-N,CHEMBL461729,3359,A,5.45,chembl20,864726,9606,HTR3A,2102,C1=C(C=C2C(=C1)N=C(N3CC4C(C3)NCCC4)N=C2NC)Cl
OXIAXPOOKVTTDN-XBXBPLPCNA-N,46831057,3359,A,5.24413,pubchem,483825,9606,HTR3A,2102,FC=1C(C2=CC=C(NC(=O)NCCCCN3CCCCC3)C=C2)=CC=CC1
OUTWSZAPEGAWEL-BDGWVKIONA-N,CHEMBL2180835,3359,N,4.5,chembl20,877121,9606,HTR3A,2102,N1(CCCC(NC=2C=C(NN2)C3=CC=C(C=C3)OC)=O)CCCCC1
OVNSLCAMMBQZNV-NFBKTVIUNA-N,24995991,79246,A,8.29243,pubchem,648454,10116,HTR3A,2102,O(CCCN1[C@@H](CCC1)C)C2=CC=C(C=C2)C3=C(N=NC(O)=C3)C
OVNSLCAMMBQZNV-NFBKTVIUNA-N,CHEMBL1958323,3359,A,8.8,chembl20,805903,9606,HTR3A,2102,C=1(N=NC(=C(C=2C=CC(=CC2)OCCCN3CCC[C@H]3C)C1)C)O
OZOLNJQERDKPFN-AVZPFHFMNA-N,CHEMBL3084777,3359,A,7.83,chembl20,674333,9606,HTR3A,2102,[C@H]12N(C)[C@H](CCC1)C[C@H](C2)NC(C3=C4N=C(OC4=CC=C3)C=5C=CC=CC5OC)=O
OZOLNJQERDKPFN-DYSDBGLANA-N,76313439,3359,A,7.82681,pubchem,526452,9606,HTR3A,2102,O=C(NC1C[C@@H]2N([C@H](C1)CCC2)C)C3=C4N=C(OC4=CC=C3)C=5C(OC)=CC=CC5
PAIJZQABGSYWKN-UHFFFAOYNA-N,56850927,79246,A,7.92082,pubchem,635936,10116,HTR3A,2102,S1C(=O)N(CCCCCCCCNCC2OC=3C(CC2)=CC=CC3)C(=O)C1
OYEREZMILAMQAG-GWQIHCKNNA-N,CHEMBL415568,3359,A,5.4,chembl20,445995,9606,HTR3A,2102,C1=CC=C2C([C@@]34[C@@H]5C[C@H]6C(C[N+]5(CC3)C)=CCO[C@@H]7[C@H]6[C@@H]4N2C=C8[C@H](N7C9=CC=CC=C9)[C@H]%10CC[N+]%11([C@H]%10C[C@H]8/C(/C%11)=C\CO)C)=C1
OXKRFEWMSWPKKV-CJDLIRGWNA-N,CHEMBL2180264,3359,N,4.4,chembl20,877365,9606,HTR3A,2102,C1CN2[C@@H]([C@H](C1CC2)NC(=O)C=3OC4=C(C3)C=CC=C4)CC=5C=CC=NC5
OXKRFEWMSWPKKV-SXKUKAAANA-N,CHEMBL1258006,15561,A,5.16,chembl20,877209,10090,HTR3A,2102,C=1C=CC(=CN1)C[C@H]2[C@@H](C3CCN2CC3)NC(=O)C4=CC=5C=CC=CC5O4
OXKRFEWMSWPKKV-SXKUKAAANA-N,CHEMBL1258006,3359,N,4.52,chembl20,877365,9606,HTR3A,2102,C=1C=CC(=CN1)C[C@H]2[C@@H](C3CCN2CC3)NC(=O)C4=CC=5C=CC=CC5O4
OFHBGKCIXSZVLN-FNFDWACINA-N,CHEMBL389120,3359,N,4.6,chembl20,445992,9606,HTR3A,2102,C=1C=C2[C@@]34[C@H]5N([C@H]6[C@H]7[C@H](N(C8=CC=CC=C8)[C@@H]9OCC=C%10[C@@H]([C@H]59)C[C@@H]3[N+](CC4)(C%10)CC%11=CC=C(C(=C%11)OC)OC)[C@@H]%12[C@@H]%13C[C@H]7C(=CCO6)C[N+]%13(CC%14=CC=C(C(=C%14)OC)OC)CC%12)C2=CC1
OCKIPDMKGPYYJS-ZDUSSCGKNA-N,9794392,3359,A,7.92082,pubchem,690410,9606,HTR3A,2102,O1[C@@]2(C3CCN(C2)CC3)CC=4C1=NC=CC4
OBSQXMOZMFTQSH-LVUISUDPNA-N,CHEMBL3084582,3359,A,6.5,chembl20,564428,9606,HTR3A,2102,[C@H]12C[C@H](C[C@H](CC1)N2C)NC(N3C(=NC=4C=CC(=CC43)OC)O)=O
ODMLUIATXKBXOW-HRNBZBKQNA-N,CHEMBL1632174,3359,A,5.0,chembl20,697187,9606,HTR3A,2102,C1=CC=C2N3C(OCCC3)=C(C2=C1)C(NCC4CCN(CC4)CCCCCC(=O)O)=O
OGPREQIZGSIMHW-JLGFQASFNA-N,71459241,3359,N,,pubchem,709378,9606,HTR3A,2102,O=C(NC1=NNC(C(C)(C)C)=C1)CCCN2CCCCC2
NIJGWJIOMPHDBP-ZHLVXTBQNA-N,CHEMBL492884,3359,A,5.9,chembl20,766545,9606,HTR3A,2102,N1=C(N)N=C(N2CCN(CC2)C)C=C1C=3C=CC=CC3
NECSKBYJMMVETP-UHFFFAOYNA-N,CHEMBL3233402,3359,N,1.29,chembl20,1337830,9606,HTR3A,2102,C1(C(N(C(N1CCCCCN2CCN(CC2)C3=CC=CC=C3)=O)C)=O)(C4=CC=CC=C4)C5=CC=CC=C5
NHECXIKSXNVVSJ-HXTKINSTNA-N,CHEMBL466655,79246,A,6.9,chembl20,523350,10116,HTR3A,2102,N=1C=2C=C(C=CC2N3C(C1N4CCN(CC4)CC=5OC(=NN5)O)=CC=C3)F
NGQQPARRDBDNPB-UHFFFAOYNA-N,53237438,3359,A,7.4437,pubchem,712522,9606,HTR3A,2102,ClC1=CC=C(SC=2C(N3CCNCC3)=CC=CC2)C=C1
NCRXNBZLAOHEGG-LKHHGCNMNA-N,CHEMBL2011598,79246,A,6.88,chembl20,809641,10116,HTR3A,2102,O(CCOCCNC(=O)OC(C)(C)C)CCNC(C1=C(C(=NC=2C1=CC=CC2)N3CCN(CC3)C)C)=O
MZRKHUUDDHJVHS-LILDFLRNNA-N,CHEMBL62023,3359,A,9.0,chembl20,515866,9606,HTR3A,2102,C12N(C(CC1)CC(C2)NC(N3C=4C=CC=CC4N(C3=O)CC)=O)C
ORIFHGMCBRVMDD-ALLFDXPCNA-N,76316951,3359,A,7.82102,pubchem,526452,9606,HTR3A,2102,O=C(NC1C[C@@H]2N([C@H](C1)CCC2)C)C3=C4N=C(OC4=CC=C3)C5=CC=CC=C5
ORIFHGMCBRVMDD-JJVVVXOKNA-N,CHEMBL3084779,3359,A,7.82,chembl20,674333,9606,HTR3A,2102,[C@@H]12C[C@@H](C[C@@H](CCC1)N2C)NC(C3=C4C(OC(=N4)C=5C=CC=CC5)=CC=C3)=O
ORJWZBKFHYBQDC-URUYPZNPNA-N,52943305,3359,A,6.78252,pubchem,526452,9606,HTR3A,2102,O=C(N[C@H]1C2CCN(C1)CC2)C3=C4N=C(OC4=CC=C3)N5CCOCC5
ORKNVPSCDPJCEW-UHFFFAOYNA-N,CHEMBL206666,3359,N,4.0,chembl20,445995,9606,HTR3A,2102,C=1C=C2C(=C3N(C2=CC1)CC=4N(C3)C5=C(C=CC=C5)C4C[N+](CC=C)(C)C)C[N+](CC=C)(C)C
ORMRVPRSUUACQQ-ZLJHMRGVNA-N,CHEMBL2058426,3359,A,6.23,chembl20,989092,9606,HTR3A,2102,C/1(\N(C(/C(/N1C)=C\C2=CNC=3C=CC=C(C23)Br)=O)C)=N\C
OUENCNZMGZDHGX-ZGWWKFFJNA-N,CHEMBL1272072,3359,A,7.49,chembl20,674333,9606,HTR3A,2102,C1C2[C@@H](CN(C1)CC2)NC(C3=C4C(=CC=C3)OC(=N4)C5CC5)=O
OSYVRULBWYCRFQ-UHFFFAOYNA-N,CHEMBL423899,79246,A,8.62,chembl20,592418,10116,HTR3A,2102,C1=CC2=C(N=C1)N=C(N3CCN(CC3)C)C4=CC=CN24
OTPPYWCIUOIPCN-LNNLXFCONA-N,10247701,3359,A,5.28,pubchem,1113283,9606,HTR3A,2102,N1(CCN(CC1)C=2C=3C(C=CC2)=CC=CC3)CCC=4C=C5NC=NC5=CC4
OTPPYWCIUOIPCN-LQFNOIFHNA-N,CHEMBL2298806,3359,A,5.28,chembl20,932184,9606,HTR3A,2102,C(CN1CCN(CC1)C2=CC=CC=3C2=CC=CC3)C=4C=CC5=C(C4)N=CN5
OPWPTXBWGBOQAM-CYSPOYASNA-N,CHEMBL2402895,3359,N,4.8,chembl20,971714,9606,HTR3A,2102,S(=O)(=O)(N1CCN(CC(CN2CCC(CNC(C=3C4=C(C=CC3)NC(=N4)C=5C=CC=CC5)=O)CC2)O)CC1)C
ORXSRBCOMNTIRE-SRIDJUQPNA-N,CHEMBL314164,79246,A,10.3,chembl20,3406,10116,HTR3A,2102,C1(C(N[C@@H]2CN3CCC2CC3)=O)=C(C(I)=C(C(=C1)Cl)N)OC
OUSHRJXIUGHBPY-PKSOQXRJNA-N,CHEMBL576282,79246,A,7.52,chembl20,592418,10116,HTR3A,2102,C1=C(C=C2N=C(N3CCN(CC3)CC4=NCCN4)C=5N(C=CC5)C2=C1)F
MJSSERWIBBMXQD-UHFFFAOYNA-N,11220991,15561,A,6.03339,pubchem,460741,10090,HTR3A,2102,BrC1=CC=2OC(N3C4CCN(CC4)CC3)=NC2N=C1
MJSSERWIBBMXQD-UHFFFAOYNA-N,CHEMBL611369,3359,A,6.11,chembl20,611801,9606,HTR3A,2102,C12CCN(CCN1C3=NC4=C(O3)C=C(C=N4)Br)CC2
MFWNKCLOYSRHCJ-FDTRTOLWNA-N,CHEMBL1290003,3359,A,9.28,chembl20,1278482,9606,HTR3A,2102,O=C(N[C@H]1C[C@@H]2N([C@H](C1)CCC2)C)C3=NN(C4=C3C=CC=C4)C
MFWNKCLOYSRHCJ-LILDFLRNNA-N,CHEMBL289469,3359,A,8.84,chembl20,800919,9606,HTR3A,2102,C1(=NN(C)C=2C1=CC=CC2)C(NC3CC4CCCC(N4C)C3)=O
MFWNKCLOYSRHCJ-XEVJZERQNA-N,CHEMBL1628633,3359,A,8.92,chembl20,689168,9606,HTR3A,2102,C1(=NN(C([3H])([3H])[3H])C=2C1=CC=CC2)C(N[C@H]3C[C@@H]4CCC[C@@H](N4C)C3)=O
MFWNKCLOYSRHCJ-XICDFVNANA-N,5284566,3359,A,9.27572,pubchem,1056991,9606,HTR3A,2102,O=C(NC1C[C@H]2N([C@@H](C1)CCC2)C)C3=NN(C4=C3C=CC=C4)C
MHNNUCFPEURPIX-MSBJYWSPNA-N,CHEMBL3084434,3359,A,8.96,chembl20,800919,9606,HTR3A,2102,C(=S)(NC=1C=C(C(O)=O)C(=CC1)C2=C3C(=CC(C=C3)=O)OC=4C2=CC=C(C4)O)NCCCCN5C6=CC=CC=C6C(=N5)C(N[C@H]7C[C@@H]8CCC[C@@H](N8C)C7)=O
MHNNUCFPEURPIX-OEYIEJJKNA-N,76316932,3359,A,8.95861,pubchem,643471,9606,HTR3A,2102,S=C(NCCCCN1N=C(C(=O)NC2C[C@H]3N([C@@H](C2)CCC3)C)C=4C1=CC=CC4)NC5=CC(=C(C=6C7=C(OC=8C6C=CC(=O)C8)C=C(O)C=C7)C=C5)C(O)=O
PWWDCRQZITYKDV-UHFFFAOYNA-N,CHEMBL56900,3359,A,9.44,chembl20,3480,9606,HTR3A,2102,C=1(N(C2=CC=CC=C2N1)CC3=CC=CC=C3)N4CCNCC4
PWYWGJDVCMKQQI-CYSPOYASNA-N,70681001,79246,A,7.74473,pubchem,652569,10116,HTR3A,2102,O=C(NCCCCCCCNC(OC(C)(C)C)=O)C1=C(C(N2CCN(CC2)C)=NC=3C1=CC=CC3)C
PRDUMQZRJGOLSV-UHFFFAOYNA-N,CHEMBL1278176,3359,A,7.01,chembl20,684849,9606,HTR3A,2102,N=1C(N(C(C2CCC(CC12)C)=O)N)=CCCCN3CCN(CC3)C=4N=C5C=CC=CC5=CC4
PRICKWSOIKQPFF-LKHHGCNMNA-N,CHEMBL376596,3359,A,5.32,chembl20,578446,9606,HTR3A,2102,C1=CC=2C(N(C(NC2C=C1C(NCCCN3C(CCCC3)CC)=O)=O)CC4=CC=C(C=C4)Cl)=O
PXQFOMCFQUXMBP-YESWCKIVNA-N,CHEMBL2426097,3359,A,6.12,chembl20,983724,9606,HTR3A,2102,C1=CC=C2C(=C1)C(=C(C(=N2)O)C=3CC(N(N3)C(CCC(=O)O)=O)C4=CC=C(C=C4)Cl)C5=CC=C(C=C5)Cl
PYCLIFABZLPONX-SPEPDGBUNA-N,CHEMBL224778,3359,A,5.72,chembl20,578446,9606,HTR3A,2102,C1=CC=2C(N(C(NC2C=C1C(=O)NCCN3CCCCC3)=O)CC4=CC=C(C=C4)F)=O
PTGWFYYEAUFEAS-VLCWVNJCNA-N,CHEMBL403858,79246,A,6.46,chembl20,479255,10116,HTR3A,2102,C=1C2=C(C=C(N1)C(N[C@H]3CN4C[C@@H](C3)CC4)=O)C=CO2
PUDDOANNCQNPJM-UHFFFAOYNA-N,CHEMBL203627,3359,N,4.0,chembl20,445992,9606,HTR3A,2102,C1=CC=C2N3C(=C(C2=C1)CN(C)C)CN4C5=C(C(=C4C3)CN(C)C)C=CC=C5
PZQLMQHTASUMAA-QWYAOPKLNA-N,CHEMBL388049,3359,N,4.52,chembl20,445995,9606,HTR3A,2102,C=1C=C2[C@@]34[C@H]5N(C=C6[C@H](N([C@@H]7OCC=C8[C@@H]([C@H]57)C[C@@H]3[N+](CC9=CC=C(C(=C9)OC)OC)(CC4)C8)C=%10C=CC=CC%10)[C@H]%11CC[N+]%12([C@H]%11C[C@H]6/C(/C%12)=C\CO)CC%13=CC=C(C(=C%13)OC)OC)C2=CC1
QYWDOJXSLBBWLE-UHFFFAOYNA-N,CHEMBL54720,3359,A,8.85,chembl20,564556,9606,HTR3A,2102,C1=2C(=NC3=C(N1C=CC2)SC=C3)N4CCN(CC4)CC=5C=CC=CC5
QZAYGJVTTNCVMB-UHFFFAOYNA-N,5202,3359,A,6.85078,pubchem,552111,9606,HTR3A,2102,OC1=CC=2C(CCN)=CNC2C=C1
QZAYGJVTTNCVMB-UHFFFAOYNA-N,CHEMBL39,15561,A,5.47,chembl20,582922,10090,HTR3A,2102,OC1=CC2=C(C=C1)NC=C2CCN
QZAYGJVTTNCVMB-UHFFFAOYNA-N,CHEMBL39,79246,N,4.92,chembl20,3481,10116,HTR3A,2102,OC1=CC2=C(C=C1)NC=C2CCN
QTTLTCXANBZETA-UHFFFAOYNA-N,CHEMBL2205047,3359,A,6.35,chembl20,880265,9606,HTR3A,2102,N1(CCNCC1)C=2C(=CC=CC2)SC=3C=CC(=CC3)C(C)(C)C
RBNIAPFMQOKNBD-MRXNPFEDNA-N,CHEMBL3261484,3359,A,9.1,chembl20,1350968,9606,HTR3A,2102,C1=C(C=C2C=3N(N=C2)CCN(C(C13)=O)[C@H]4C5CCN(C4)CC5)C
QZNZJWLUNDXZQA-DNHAVOHBNA-N,CHEMBL1628632,3359,A,8.59,chembl20,689168,9606,HTR3A,2102,C1(=CN(C([3H])([3H])[3H])C2=C1C=CC=C2)C(CCC3=C(NC=N3)C)=O
QZUDBNBUXVUHMW-UHFFFAOYNA-N,2818,15561,A,7.49485,pubchem,6022,10090,HTR3A,2102,ClC=1C=C2N=C(N3CCN(CC3)C)C4=C(NC2=CC1)C=CC=C4
QZUDBNBUXVUHMW-UHFFFAOYNA-N,CHEMBL42,3359,A,6.73,chembl20,932184,9606,HTR3A,2102,N1=C(C=2C(=CC=CC2)NC=3C1=CC(=CC3)Cl)N4CCN(CC4)C
RBWCGRRFKTVLKF-UHFFFAOYNA-N,44157938,79246,A,7.10237,pubchem,375321,10116,HTR3A,2102,OCC(N1CCN(CC1)C2=NC=3C(N4C2=CC=C4)=C(C=CC3)C)C5=CC=CC=C5
RCBBDNFCXSBDIT-VEORKLDJNA-N,CHEMBL2402893,3359,N,4.4,chembl20,971714,9606,HTR3A,2102,S(=O)(=O)(N1CCN(CC(CN2CCC(CNC(C3=C4C(=CC=C3)NC(=N4)C(C)(C)C)=O)CC2)O)CC1)C
RCCDDPHPJBBTOH-UHFFFAOYNA-N,CHEMBL3235482,3359,A,6.3,chembl20,1335278,9606,HTR3A,2102,S1(=O)(=O)C=2C(C=3C1=CC(=CC3)N4C5CCN(CC4)CC5)=CC(=CC2)F
QWZXRDUZUQKTLV-HGARQAILNA-N,76313438,3359,A,7.78252,pubchem,526452,9606,HTR3A,2102,O=C(NC1C[C@@H]2N([C@H](C1)CCC2)C)C3=C4N=C(OC4=CC=C3)N5[C@H](CNCC5)C
QWZXRDUZUQKTLV-MSDBZKIPNA-N,CHEMBL3084773,3359,A,7.78,chembl20,674333,9606,HTR3A,2102,[C@H]12N([C@H](CCC1)C[C@H](C2)NC(C3=C4N=C(OC4=CC=C3)N5[C@H](CNCC5)C)=O)C
PKPRDSSAMMLSLJ-UHFFFAOYNA-N,11709098,15561,A,6.61261,pubchem,460741,10090,HTR3A,2102,ClC=1C=C2OC(N3C4CCN(CC4)CC3)=NC2=NC1C
PKPRDSSAMMLSLJ-UHFFFAOYNA-N,11709098,3359,A,7.1549,pubchem,460743,9606,HTR3A,2102,ClC=1C=C2OC(N3C4CCN(CC4)CC3)=NC2=NC1C
PKWXICSBZZLGCF-UHFFFAOYNA-N,CHEMBL260565,3359,A,6.6,chembl20,766545,9606,HTR3A,2102,C1=CC2=NC(=CC=C2C=C1Cl)N3CCN(CC3)C
POJMJIIKSJRQPV-BKCOEDNVNA-N,CHEMBL570487,3359,A,5.77,chembl20,598654,9606,HTR3A,2102,C=1(C=C(C=CC1)OC)[C@@]2(CCCC[C@H]2CN3C[C@H]([C@H](CC3)NC(C=4C(=CC(=C(C4)Cl)N)OC)=O)OC)O
POJMJIIKSJRQPV-FQOUJLDENA-N,CHEMBL571799,3359,A,6.8,chembl20,598654,9606,HTR3A,2102,C=1(C=C(C=CC1)OC)[C@@]2(CCCC[C@H]2CN3C[C@@H]([C@@H](CC3)NC(C=4C(=CC(=C(C4)Cl)N)OC)=O)OC)O
POJMJIIKSJRQPV-KXIARRLPNA-N,45485620,3359,A,6.10237,pubchem,447476,9606,HTR3A,2102,ClC1=CC(C(=O)N[C@@H]2[C@H](OC)CN(C[C@@H]3[C@](O)(CCCC3)C4=CC(OC)=CC=C4)CC2)=C(OC)C=C1N
POJMJIIKSJRQPV-QBUXJXJZNA-N,45485675,3359,A,5.55284,pubchem,447476,9606,HTR3A,2102,ClC1=CC(C(=O)N[C@H]2[C@@H](OC)CN(C[C@@H]3[C@](O)(CCCC3)C4=CC(OC)=CC=C4)CC2)=C(OC)C=C1N
PJNPXONFXSTOIP-UHFFFAOYNA-N,CHEMBL578809,79246,A,7.75,chembl20,592418,10116,HTR3A,2102,N1(C=NC=C1)CCN2CCN(C3=NC4=CC=CC(=C4N5C3=CC=C5)C)CC2
PNKGJBPTSCNELU-LQFNOIFHNA-N,24995993,79246,A,8.12494,pubchem,648454,10116,HTR3A,2102,O(CCCN1CCCCCC1)C2=CC=C(C=C2)C3=C(N=NC(O)=C3)C
PNKGJBPTSCNELU-LQFNOIFHNA-N,CHEMBL1958325,3359,A,8.32,chembl20,805903,9606,HTR3A,2102,C1(O)=CC(C=2C=CC(=CC2)OCCCN3CCCCCC3)=C(N=N1)C
PMDWRQSBVADLQY-TZHLVZAZNA-N,CHEMBL396705,3359,N,4.0,chembl20,445995,9606,HTR3A,2102,C1=CC=C2N3[C@H]4[C@H]5[C@H](N([C@H]6[C@H]7[C@H]3[C@]8(CC[N+]9([C@H]8C[C@H]7C(C9)=CCO6)CC%10=CC=CC=C%10)C2=C1)C%11=CC=CC=C%11)[C@@H]%12[C@@H]%13C[C@H]5C(=CCO4)C[N+]%13(CC%14=CC=CC=C%14)CC%12
PPGYKWQFGNLYIY-LPOXYMQJNA-N,CHEMBL1643882,3359,A,8.31,chembl20,700634,9606,HTR3A,2102,C1=C2C(N(CC=3NN=C(C=C1)C32)[C@H]4C5CCN(C4)CC5)=O
PPGYKWQFGNLYIY-PKDVVFMDNA-N,CHEMBL1643881,3359,A,8.36,chembl20,700634,9606,HTR3A,2102,C1=C2C(N(CC=3NN=C(C=C1)C32)[C@@H]4C5CCN(C4)CC5)=O
PHSGELOOPCEGJG-MPIMZMORNA-N,CHEMBL445505,79246,A,8.68,chembl20,523350,10116,HTR3A,2102,N1=C(C=2N(C=CC2)C3=CC=C(C=C31)O)N4CCN(CC4)CC(=O)O
PHTYRUNMQXLWGU-LKYJXJLONA-N,CHEMBL3084771,3359,A,7.45,chembl20,674333,9606,HTR3A,2102,[C@H]12N(C)[C@H](CCC1)C[C@H](C2)NC(C3=C4N=C(OC4=CC=C3)N5C[C@H](O[C@H](C5)C)C)=O
PHTYRUNMQXLWGU-RKOYUBKYNA-N,76309746,3359,A,7.45223,pubchem,526452,9606,HTR3A,2102,O=C(NC1C[C@@H]2N([C@H](C1)CCC2)C)C3=C4N=C(OC4=CC=C3)N5C[C@@H](O[C@@H](C5)C)C
PIEZNFVNSICXLK-YSFVJRKJNA-N,CHEMBL2151441,3359,N,4.4,chembl20,877365,9606,HTR3A,2102,[C@@H]1([C@H](CC2=CN=CC=C2)N3CCC1CC3)NC(C=4SC(=CC4)C)=O
QDDFYHFHWWVLRP-IHBONYPBNA-N,CHEMBL2011470,79246,A,8.57,chembl20,809641,10116,HTR3A,2102,N=1C2=CC=CC=C2C(C(=O)NCCCCCCCNC(=O)C3=C(C(=NC4=CC=CC=C34)N5CCN(CC5)C)C)=C(C)C1N6CCN(CC6)C
QFWHMNCBGAIEHD-DUAYABRENA-N,76320681,3359,A,8.33724,pubchem,526452,9606,HTR3A,2102,O=C(NC1C[C@@H]2N([C@H](C1)CCC2)C)C3=C4N=C(OC4=CC=C3)N5[C@H](COCC5)CC
QFWHMNCBGAIEHD-QCCQJILENA-N,CHEMBL3084764,3359,A,8.34,chembl20,674333,9606,HTR3A,2102,[C@H]12N(C)[C@H](CCC1)C[C@H](C2)NC(C3=C4N=C(OC4=CC=C3)N5[C@H](COCC5)CC)=O
QHANGNNUHVLRLX-IOXDAZPANA-N,CHEMBL390135,3359,N,4.0,chembl20,445995,9606,HTR3A,2102,C1=CC=C2N3[C@H]4[C@H]5[C@H](N([C@H]6[C@@H]7[C@H]8C[C@@H]9[N+](CC[C@]9(C2=C1)[C@@H]37)(CC8=CCO6)CC=C)C%10=CC=CC=C%10)[C@H]%11CC[N+]%12(CC([C@@H]5C[C@@H]%11%12)=CCO4)CC=C
RGFKOYDSKUBPIE-JJFURXLTNA-N,CHEMBL2402890,3359,N,4.1,chembl20,971714,9606,HTR3A,2102,S(=O)(=O)(N1CCN(CC(CN2CCC(CNC(C3=C4C(=CC=C3)N=C(N4)CC)=O)CC2)O)CC1)C
RGLVXEXQIZDZCD-UHFFFAOYNA-N,CHEMBL304534,3359,A,8.1,chembl20,3480,9606,HTR3A,2102,C1(=NC2=CC=CC=C2N1CCCC3=CC=CC=C3)N4CCNCC4
RGQYXROMTIDACN-UHFFFAOYNA-N,CHEMBL1277373,3359,A,7.26,chembl20,684849,9606,HTR3A,2102,N=1C(N(C(C2CCCCC12)=O)N)=CCCCN3CCN(CC3)C4=NC=5C=C(C=CC5C=C4)O
RBULLMHVZYBTHL-AHLGZTFVNA-N,CHEMBL3084763,3359,A,7.03,chembl20,674333,9606,HTR3A,2102,[C@H]12N([C@H](CCC1)C[C@H](C2)NC(C3=C4N=C(OC4=CC=C3)N5[C@@H](COCC5)C)=O)C
RBULLMHVZYBTHL-STQDPLDGNA-N,CHEMBL3084762,3359,A,7.89,chembl20,674333,9606,HTR3A,2102,[C@H]12N([C@H](CCC1)C[C@H](C2)NC(C3=C4N=C(OC4=CC=C3)N5[C@H](COCC5)C)=O)C
RBULLMHVZYBTHL-YRJLYLRPNA-N,24769782,3359,A,7.88941,pubchem,526452,9606,HTR3A,2102,O=C(NC1C[C@@H]2N([C@H](C1)CCC2)C)C3=C4N=C(OC4=CC=C3)N5[C@H](COCC5)C
RBULLMHVZYBTHL-ZJQMGMFLNA-N,76313437,3359,A,7.03339,pubchem,526452,9606,HTR3A,2102,O=C(NC1C[C@@H]2N([C@H](C1)CCC2)C)C3=C4N=C(OC4=CC=C3)N5[C@@H](COCC5)C
QHJZTYYNXIQQNW-UHFFFAOYNA-N,CHEMBL2204359,3359,A,7.59,chembl20,880265,9606,HTR3A,2102,N1(CCNCC1)C=2C(=CC=CC2)SC=3C(=CC(=CC3)Cl)Cl
QKMVBIUHVBVHGX-UHFFFAOYNA-N,CHEMBL2205044,3359,A,7.28,chembl20,880265,9606,HTR3A,2102,N1(CCNCC1)C=2C(=CC=CC2)SC=3C=CC(=CC3)F
QNJWNYDKHQYCPI-UHFFFAOYNA-N,CHEMBL2204362,3359,A,7.77,chembl20,880265,9606,HTR3A,2102,N1(CCNCC1)C=2C(=CC=CC2)SC=3C(=CC(=CC3)C)OC
QJAUWCVZCCDKQC-OAHLLOKONA-N,24995994,3359,A,8.72125,pubchem,648455,9606,HTR3A,2102,O(CCCN1[C@@H](CCC1)C)C2=CC=C(C=C2)C3=CC(=O)N(N=C3)C
QJAUWCVZCCDKQC-OAHLLOKONA-N,CHEMBL1958133,79246,A,8.26,chembl20,805902,10116,HTR3A,2102,C1(N(C)N=CC(C=2C=CC(=CC2)OCCCN3CCC[C@H]3C)=C1)=O
RQAGIIPBHMAHTO-UHFFFAOYNA-N,CHEMBL2332488,3359,N,4.72,chembl20,943354,9606,HTR3A,2102,C1=CC=C2C(=C1)C(=C(C(N2CCCN(C)C)=O)C#N)C3=CC=CC=C3
RQBRUGMHSQYCNU-UHFFFAOYNA-N,CHEMBL3104092,3359,A,5.0,chembl20,1283847,9606,HTR3A,2102,C1C2=C(CN3C=4C1=CC=CC4C5=C3CCN(C5)C)C=CC=C2
RONZAEMNMFQXRA-UHFFFAOYNA-N,CHEMBL654,3359,A,5.54,chembl20,988340,9606,HTR3A,2102,N12C(C3=C(C=CC=C3)CC4=C1N=CC=C4)CN(CC2)C
RNXYMZNGMNWKMC-HXTKINSTNA-N,CHEMBL1632158,3359,A,5.6,chembl20,697187,9606,HTR3A,2102,C1=CC=C2N3C(OCCC3)=C(C(NCC4CCN(CC4)CCCCCC(OC)=O)=O)C2=C1
RLSGBCUXLRMTPF-UHFFFAOYNA-N,CHEMBL83954,3359,A,5.7,chembl20,564428,9606,HTR3A,2102,O(C(C=1C=C(C(=CC1OC)N)Cl)=O)CCCN2CCCCC2
RLQXOTMOPGYNGI-SPEPDGBUNA-N,CHEMBL223715,3359,A,6.1,chembl20,578446,9606,HTR3A,2102,C1=CC=2C(N(C(NC2C=C1C(NCCN3CCCCC3)=O)=O)CC4=CC=C(C=C4)OC)=O
RXDWERDONCYTQT-HIPGWPFMNA-N,76320680,3359,A,7.39794,pubchem,526452,9606,HTR3A,2102,O=C(NC1C[C@@H]2N([C@H](C1)CCC2)C)C3=C4N=C(OC4=CC=C3)N5CCOCC5
RXDWERDONCYTQT-SCIHBCDKNA-N,CHEMBL3084761,3359,A,7.4,chembl20,674333,9606,HTR3A,2102,[C@@H]12N([C@@H](C[C@H](C1)NC(C3=C4C(OC(=N4)N5CCOCC5)=CC=C3)=O)CCC2)C
RXKLPZCVAQKBQA-CATZCVBWNA-N,71714544,3359,A,5.1,pubchem,758781,9606,HTR3A,2102,S(=O)(=O)(N1CCN(CC(O)CN2CCC(CC2)CNC(=O)C=3C=4NC(=NC4C=CC3)C(F)(F)C)CC1)C
RXKLPZCVAQKBQA-VEORKLDJNA-N,CHEMBL2402894,3359,A,5.1,chembl20,971714,9606,HTR3A,2102,C(F)(F)(C=1NC2=CC=CC(=C2N1)C(NCC3CCN(CC3)CC(CN4CCN(CC4)S(=O)(=O)C)O)=O)C
RYAZLYGDKFCFKI-UHFFFAOYNA-N,CHEMBL2205034,3359,A,7.57,chembl20,880265,9606,HTR3A,2102,N1(CCNCCC1)C=2C(=CC=CC2)SC=3C(=CC(=CC3)C)C
RZKMGDNFMYZIER-INIZCTEONA-N,CHEMBL1643893,3359,A,9.05,chembl20,700634,9606,HTR3A,2102,C=1C=2C(N(CC3=CN(C(=CC1)C32)C)[C@@H]4C5CCN(C4)CC5)=O
RZKMGDNFMYZIER-MRXNPFEDNA-N,53316626,3359,A,9.1549,pubchem,552106,9606,HTR3A,2102,O=C1N([C@H]2C3CCN(C2)CC3)CC=4C5=C1C=CC=C5N(C4)C
RZWSWDNYRNUBMS-YTCGUGETNA-N,70687363,79246,A,6.81248,pubchem,652569,10116,HTR3A,2102,O=C(NCCOCCOCCOCCOCCOCCOCCOCCOCCOCCNC(=O)NC[13C](=O)O)C1=C(C(N2CCN(CC2)C)=NC=3C1=CC=CC3)C
RVXJKDQROPYYOF-UHFFFAOYNA-N,72698087,3359,A,5.92082,pubchem,1057020,9606,HTR3A,2102,FC(F)(F)CCN1CCC(CC1)COC2=NC=3C(C=4N=CC=CC24)=CC=CC3F
RYXJSAHVNPQLMV-UHFFFAOYNA-N,CHEMBL341474,79246,A,9.1,chembl20,523350,10116,HTR3A,2102,C=1C=C2C(=CC1F)N=C(N3CCN(CC3)C)C4=CC=CN24
RZFPSYUVZCCIFI-UHFFFAOYNA-N,CHEMBL511312,3359,A,6.0,chembl20,564583,9606,HTR3A,2102,N1=C(C2=CC=CN2C=3SC=CC31)OCC4CCN(CC4)CC
RUUCOPFJGNAARF-UHFFFAOYNA-N,CHEMBL124886,79246,A,9.36,chembl20,592418,10116,HTR3A,2102,C=1C(=C2C(=CC1)N=C(N3CCN(CC3)C)C4=CC=CN24)F
QPKAPAVYCGEURE-UHFFFAOYNA-N,CHEMBL443764,3359,A,8.87,chembl20,864726,9606,HTR3A,2102,C1=CC2=NC(=NC=C2C=C1)N3CCN(CC3)C
QPTXZWUCCHJHIL-LKHHGCNMNA-N,CHEMBL2011595,79246,A,6.75,chembl20,809641,10116,HTR3A,2102,C=1C=C2C(C(NCCCCCCNC(OC(C)(C)C)=O)=O)=C(C)C(=NC2=CC1)N3CCN(C)CC3
QSIGSEDSPXQCKE-BETQSBRUNA-N,76313417,3359,A,6.84771,pubchem,643471,9606,HTR3A,2102,O=C(NC1C[C@@H]2N([C@H](C1)CCC2)C)C3=NN(C4=C3C=CC=C4)CCOCCOCCNC(=O)C5=CC6=C(OC5=O)C=C(N(CC)CC)C=C6
QSIGSEDSPXQCKE-HWXOQNQPNA-N,CHEMBL3084436,3359,A,6.85,chembl20,800919,9606,HTR3A,2102,C(C=1C(=O)OC2=C(C1)C=CC(N(CC)CC)=C2)(=O)NCCOCCOCCN3C=4C=CC=CC4C(=N3)C(N[C@H]5C[C@H]6N([C@H](CCC6)C5)C)=O
QSQQQURBVYWZKJ-UHFFFAOYNA-N,CHEMBL30713,3359,A,5.0,chembl20,965131,9606,HTR3A,2102,C1(=CNC2=C1C=CC=C2)CC(N)C
QOGFHRRNPRRNAI-NRFANRHFNA-N,CHEMBL1643890,3359,A,8.15,chembl20,700634,9606,HTR3A,2102,C1=C2C=3C(=NN(C3C=C1)CC4=CC=CC=C4)CN([C@@H]5C6CCN(C5)CC6)C2=O
QOTYCLIFPPZNAZ-QWOVJGMINA-N,CHEMBL183776,3359,A,5.0,chembl20,932184,9606,HTR3A,2102,N1N=C2C=C(CCN3CCN(CC3)C4=C(OC)C=CC=C4)C=CC2=N1
QGJVXXSJZAPJME-UHFFFAOYNA-N,CHEMBL565547,3359,A,5.43,chembl20,599284,9606,HTR3A,2102,C1(=NC2=C(CCNCC2)C3=NC(=NN13)C)CC4=CC=CC=C4
RSUDGRCQQXSDOO-UHFFFAOYNA-N,CHEMBL2169967,3359,A,6.39,chembl20,864726,9606,HTR3A,2102,C1=C(C=NC2=CC=CC=C12)N3CCN(CC3)C
RQJPWNOKFLOHKI-UHFFFAOYNA-N,CHEMBL2205362,3359,A,5.25,chembl20,884965,9606,HTR3A,2102,C1(=C(C=C2C(=C1)C(=C(O2)C(=O)N(C3=CC=CC=C3)CCCN4CCCCC4)C)OC)OC
QZEXFNKCPOFGAE-VSKYELSCNA-N,CHEMBL1272016,3359,A,7.33,chembl20,674333,9606,HTR3A,2102,C1C2[C@@H](CN(C1)CC2)NC(C3=C4N=C(OC4=CC=C3)C=5C=CC=CC5OC)=O
STOPSEQYAMSLCO-YPLIIEPBNA-N,CHEMBL3084442,3359,A,6.8,chembl20,800919,9606,HTR3A,2102,C(C=1C(=O)OC2=C(C1)C=CC(N(CC)CC)=C2)(=O)NCCCOC3=CC=CC4=C3N(N=C4C(N[C@H]5C[C@H]6CCC[C@H](N6C)C5)=O)C
STOPSEQYAMSLCO-ZXEHHRHTNA-N,76316934,3359,A,6.8041,pubchem,643471,9606,HTR3A,2102,O=C(NC1C[C@H]2N([C@@H](C1)CCC2)C)C3=NN(C4=C3C=CC=C4OCCCNC(=O)C5=CC6=C(OC5=O)C=C(N(CC)CC)C=C6)C
UXCYHZPVNXGIRJ-PKSOQXRJNA-N,CHEMBL582992,79246,A,9.31,chembl20,592418,10116,HTR3A,2102,C1=CC=C2N=C(N3CCN(CC3)CC4=CNC=N4)C=5N(C=CC5)C2=C1C
UXDSQRDGBDALMX-UHFFFAOYNA-N,CHEMBL2205052,3359,A,7.07,chembl20,880265,9606,HTR3A,2102,N1(CCNCC1)C=2C(=CC=CC2)SC=3C=C(C(=CC3)OC)OC
VJEBGMIAGKMECI-FNGIMCLKNA-N,76316933,3359,N,,pubchem,643471,9606,HTR3A,2102,O=C(NC1C[C@H]2N([C@@H](C1)CCC2)C)C3=NN(C4=C3C=CC=C4)CCCCNC=5C6=NON=C6C(N(=O)=O)=CC5
VGGIXTMKNTVMSP-UHFFFAOYNA-N,CHEMBL597644,15561,A,7.77,chembl20,611799,10090,HTR3A,2102,C12CCN(CCN1C3=NC4=C(O3)C=CC(=C4)Br)CC2
VGWMVWNOQKELRE-SKKVRFOWNA-N,CHEMBL2402898,3359,N,4.1,chembl20,971714,9606,HTR3A,2102,C=1C=C2C(=C(C1)C(NCC3CCN(CC3)CCN4CCN(CC4)C(=O)OC)=O)NC(=N2)C(C)C
SWAXUQYHWXHRRQ-PWIKPTQSNA-N,CHEMBL2402902,3359,N,4.2,chembl20,971714,9606,HTR3A,2102,C=1C=C2C(=C(C1)C(NCC3CCN(CC3)CC(CN(C(C)=O)C)O)=O)NC(=N2)C(C)C
SRWDXYXZNVIWLX-QGZVFWFLNA-N,56946196,79246,A,8.1549,pubchem,648454,10116,HTR3A,2102,O(CCCN1[C@@H](CCC1)C)C2=CC=C(C3=CC(=O)N(N=C3)C(C)C)C=C2
SRWDXYXZNVIWLX-QGZVFWFLNA-N,CHEMBL1958322,3359,A,8.57,chembl20,805903,9606,HTR3A,2102,C1(C=C(C=2C=CC(=CC2)OCCCN3CCC[C@H]3C)C=NN1C(C)C)=O
SSOHJAKQLOENEM-HCKMINDGNA-N,17982621,3359,A,7.30277,pubchem,709621,9606,HTR3A,2102,S1C(C(=O)NC2C3CCN(C2)CC3)=CC=4C1=CC=CC4
SWEOAXMICIJCQC-UHFFFAOYNA-N,CHEMBL2431120,3359,A,6.0,chembl20,986342,9606,HTR3A,2102,O(C1=C(C=C2N=C(C3CC3)N=C(N4CCN(C5=CC=CC=C5OC)CC4)C2=C1)OC)C
SXJUZHRNCSMYNX-KSGLLHJINA-N,CHEMBL598805,3359,A,5.52,chembl20,612614,9606,HTR3A,2102,C1(=CC=C2C(C(C(NC3C[C@@H]4CCC[C@H](N4C)C3)=O)=NN2C)=C1)OCC5=CC=CC=C5
SSRDSYXGYPJKRR-XCXMHTFKNA-N,CHEMBL2151572,3359,A,8.02,chembl20,877192,9606,HTR3A,2102,S1C2=C(C=C1C(N[C@@H]3C4CCN(CC4)C3)=O)C=CC=C2Cl
SSVOWUOTCBNWRV-WYUMXYHSNA-N,CHEMBL2058416,3359,A,5.21,chembl20,989092,9606,HTR3A,2102,C1(=NC(=C(N1C)C=C2C=NC3=CC=C(C=C23)Br)O)NC
SKCKAXNJSSPUAS-MPIMZMORNA-N,44157838,79246,A,7.93181,pubchem,375321,10116,HTR3A,2102,FC1=CC=2N=C(N3CCN(CC3)CC(=O)O)C=4N(C2C=C1)C=CC4
SMJJKUKILIABKV-DVIAZDKANA-N,CHEMBL2402887,3359,N,4.3,chembl20,971714,9606,HTR3A,2102,S(=O)(=O)(N1CCN(CC(CN2CCC(CNC(C3=C4C(=CC=C3)NC=N4)=O)CC2)O)CC1)C
SOEFWQWHKHCTLH-JKCYRQCANA-N,CHEMBL570710,3359,A,5.8,chembl20,598654,9606,HTR3A,2102,C=1(C=C(C=CC1)O)[C@]2(CCCC[C@@H]2CN3C[C@@H]([C@@H](CC3)NC(C4=C(C=C(C(=C4)Cl)N)OC)=O)OC)O
SOEFWQWHKHCTLH-LFBIDXQCNA-N,44626294,3359,A,7.74473,pubchem,447476,9606,HTR3A,2102,ClC1=CC(C(=O)N[C@@H]2[C@H](OC)CN(C[C@H]3[C@@](O)(CCCC3)C=4C=C(O)C=CC4)CC2)=C(OC)C=C1N
SOEFWQWHKHCTLH-USFOCHKSNA-N,45485564,3359,A,5.85387,pubchem,447476,9606,HTR3A,2102,ClC1=CC(C(=O)N[C@H]2[C@@H](OC)CN(C[C@H]3[C@@](O)(CCCC3)C=4C=C(O)C=CC4)CC2)=C(OC)C=C1N
SOEFWQWHKHCTLH-WIPZTPOBNA-N,CHEMBL585925,3359,A,6.41,chembl20,598654,9606,HTR3A,2102,C=1(C=C(C=CC1)O)[C@]2(CCCC[C@@H]2CN3C[C@H]([C@H](CC3)NC(C4=C(C=C(C(=C4)Cl)N)OC)=O)OC)O
SQFWNWHBBKLBMR-YUIDAARSNA-N,CHEMBL244561,3359,N,4.72,chembl20,445992,9606,HTR3A,2102,C=1C=C2[C@]34CCN5[C@H]3C[C@@H]6[C@@H]7[C@@H]4N(C2=CC1)[C@H]8[C@H]9[C@H](N([C@@H]7OCC=C6C5)C%10=CC=CC=C%10)[C@H]%11CC[N+]%12([C@H]%11C[C@H]9C(C%12)=CCO8)CC=C
SPBSBKPLXWUEGQ-UHFFFAOYNA-N,23155951,3359,A,7.21467,pubchem,536968,9606,HTR3A,2102,S(CCCN1CCN(CC1)C=2N=C3C(=CC2)C=CC=C3)C=4N(N)C(=O)C5=NC=CC=C5N4
VXYBSZKYTUAIKH-FGEAENFSNA-N,CHEMBL395727,3359,A,5.0,chembl20,445992,9606,HTR3A,2102,C1=CC=C2N3[C@H]4[C@H]5[C@H](N([C@H]6[C@H]7[C@H]3[C@@]8([C@@H]9C[C@H]7C(C[N+]9(CC8)C)=CCO6)C2=C1)C%10=CC=CC=C%10)[C@H]%11CC[N+]%12([C@H]%11C[C@H]5C(C%12)=CCO4)C
VVWIDIIMLHNFOH-JDVPCOFVNA-N,44427876,3359,A,5.72125,pubchem,297966,9606,HTR3A,2102,O1[C@H]2N([C@@H]3[C@@H]4[C@H]5N(CC4)C/C(/[C@@H](C3=CN6[C@@H]7[C@@]8([C@H]9N(CC8)CC([C@@H]([C@H]72)C9)=CC1)C=%10C6=CC=CC%10)C5)=C/CO)C%11=CC=CC=C%11
VVNHBZRFRXWLFQ-QGZVFWFLNA-N,CHEMBL3261480,3359,A,9.7,chembl20,1350968,9606,HTR3A,2102,C1=C(C=C2C=3N(C=C2C)CCN(C(C13)=O)[C@H]4C5CCN(C4)CC5)Cl
VWVPNALHKWLANG-UHFFFAOYNA-N,CHEMBL1276832,3359,A,7.32,chembl20,684849,9606,HTR3A,2102,N1=C(N(C(=O)C=2C(=C(C)SC21)C)N)SCCCN3CCN(CC3)C=4N=C5C(=CC4)C=CC=C5
VJRGAGPCQUZOLU-XBXBPLPCNA-N,CHEMBL388401,3359,A,5.12,chembl20,578446,9606,HTR3A,2102,C=1C(=CC=2NC(N(C(C2C1)=O)CC3=CC=C(C=C3)Cl)=O)C(=O)NCCN4CCCC4
UJNJZDZUOJYRAQ-UHFFFAOYNA-N,CHEMBL2204364,3359,A,6.8,chembl20,880265,9606,HTR3A,2102,N1(CCNCC1)C=2C(=CC=CC2C)SC=3C(=CC(=CC3)C)C
UIKMHGOYAXJLIA-GXLPTLJFNA-N,76331535,3359,A,9.0,pubchem,526452,9606,HTR3A,2102,O1C[C@@H](N([C@H](C1)C)C=2OC=3C(N2)=C(C(=O)NC4C[C@@H]5N([C@H](C4)CCC5)C)C=CC3)CC
UIKMHGOYAXJLIA-PHTQRTLTNA-N,CHEMBL3084770,3359,A,9.0,chembl20,674333,9606,HTR3A,2102,[C@@H]12C[C@H](NC(C3=C4N=C(OC4=CC=C3)N5[C@H](COC[C@@H]5C)CC)=O)C[C@@H](CCC1)N2C
UKEGGLXTKHMXEB-UMMLCDPINA-N,CHEMBL519240,3359,A,5.6,chembl20,494189,9606,HTR3A,2102,N=1C(=NC(=C2CC=C3C(C12)[C@H]4[C@@H](O3)CCCC4)N5CCNCC5)N
UKSWCAMXXCYOSR-UHFFFAOYNA-N,CHEMBL1276834,3359,A,7.21,chembl20,684849,9606,HTR3A,2102,N1=C2C(C(=O)N(N)C1=CCCCN3CCN(CC3)C=4N=C5C=CC=CC5=CC4)CCC2
UFZPJSNEEQOZFZ-UHFFFAOYNA-N,CHEMBL1277652,3359,A,7.3,chembl20,684849,9606,HTR3A,2102,C(N1CCN(C=2N=C3C(=CC2)C=CC=C3)CC1)CCCC4=NC5=CC=CC(=C5C(N4N)=O)F
UGSSYCALUUTVMW-UHFFFAOYNA-N,CHEMBL85,3359,A,6.0,chembl20,1329312,9606,HTR3A,2102,C1(C(N2CCCC=C2N=C1C)=O)CCN3CCC(C4=NOC=5C4=CC=C(F)C5)CC3
UBXGZTRRRHVEAJ-UHFFFAOYNA-N,CHEMBL302743,3359,A,8.28,chembl20,3480,9606,HTR3A,2102,C=1(N(C2=CC=CC=C2N1)CC=3C=CC(=CC3)F)N4CCNCC4
TXCYUSKWBHUVEP-QYPFUQEZNA-N,CHEMBL2151439,3359,A,8.7,chembl20,851149,9606,HTR3A,2102,[C@H]1(CN2CCC1CC2)NC(C=3NN=C4C3C=CC=C4)=O
TXJVVQVHDLOBCQ-MVKYDJPDNA-N,76320661,3359,A,8.06048,pubchem,643471,9606,HTR3A,2102,O=C(NC1C[C@H]2N([C@@H](C1)CCC2)C)C3=NN(C4=C3C=CC=C4)CCCNC=5C6=NON=C6C(N(=O)=O)=CC5
TZUKARBKFHPFDV-GPQMBLKYNA-N,CHEMBL290938,3359,A,7.92,chembl20,3465,9606,HTR3A,2102,C1(C=2N=C(CC=3N=CNC3C)SC2)=CNC=4C1=CC=CC4
VBKOTIVQMCTTAQ-VMIOWZCSNA-N,9904281,3359,A,6.76447,pubchem,315628,9606,HTR3A,2102,ClC=1C2=C(NC(=NC2)N)C=CC1Cl
VBKOTIVQMCTTAQ-XLPACQNMNA-N,CHEMBL1548,3359,A,6.76,chembl20,463654,9606,HTR3A,2102,C1(=CC=C2N=C(NCC2=C1Cl)N)Cl
VCADIWSEVTZZOR-UYBDAZJANA-N,CHEMBL454890,3359,A,8.55,chembl20,864726,9606,HTR3A,2102,C1=C(C=C2C(=C1)N=C(N=C2NCC=3C=COC3)N4CCN(CC4)C)Cl
UXTATQQIFBDWOL-SDRQFZCRNA-N,CHEMBL493183,79246,A,8.14,chembl20,523350,10116,HTR3A,2102,N1=C(C=2N(C=CC2)C=3C=CC(=CC31)F)N4CCN(CC4)CC(N)=O
VDBKJDOCZOVAPB-FVXCAPTGNA-N,76327887,3359,A,7.72584,pubchem,526452,9606,HTR3A,2102,O=C(NC1C[C@@H]2N([C@H](C1)CCC2)C)C3=C4N=C(OC4=CC=C3)C5=CC=C(OC)C=C5
VDBKJDOCZOVAPB-GSQNISDMNA-N,CHEMBL3084782,3359,A,7.73,chembl20,674333,9606,HTR3A,2102,[C@H]12N(C)[C@H](CCC1)C[C@H](C2)NC(C3=C4N=C(OC4=CC=C3)C5=CC=C(C=C5)OC)=O
VDEOWAISRHKINC-MPCDFULNNA-N,CHEMBL388212,3359,A,5.51,chembl20,445992,9606,HTR3A,2102,C1=CC=C2N3[C@H]4[C@H]5[C@H]6C[C@@H]7N(CC[C@]47C2=C1)CC6=CCO[C@H]5N([C@H]8[C@@H]9[C@H]3OCC=C%10CN%11[C@@H](C[C@H]9%10)[C@@H]8CC%11)C%12=CC=CC=C%12
VDFLDQVKOMEZEL-WYUMXYHSNA-N,CHEMBL2169969,3359,A,7.87,chembl20,864726,9606,HTR3A,2102,N=1C(=CC(=C2C=CC=CC12)NC)N3CCN(CC3)C
UWHBCOHEASCLEA-NFBKTVIUNA-N,69937257,3359,A,8.24413,pubchem,1141224,9606,HTR3A,2102,O=C1N([C@H]2C3CCN(C2)CC3)CCN4C=5C1=CC=CC5N=C4O
UWMNAFXETUEZJZ-UHFFFAOYNA-N,71462776,3359,A,5.8814,pubchem,710780,9606,HTR3A,2102,IC1=C2N=C(OCC3CCN(CC3)CCC)C4=C(C2=CC=C1)C=CC=C4
UYMMSSRZDUEJKE-AQPLRYFANA-N,CHEMBL1272177,3359,A,7.44,chembl20,674333,9606,HTR3A,2102,C1C2[C@@H](CN(C1)CC2)NC(C3=C4C(=CC=C3)OC(=N4)NC)=O
UYPUNICVVJSXHT-MZSATQPUNA-N,CHEMBL599012,3359,A,7.15,chembl20,612614,9606,HTR3A,2102,C=1C=C(C2=C(C1)C(=NN2C)C(NC3C[C@@H]4CCC[C@H](N4C)C3)=O)OC
UVJAJERURGANAG-UHFFFAOYNA-N,11339853,3359,A,7.33255,pubchem,536968,9606,HTR3A,2102,OC1CCC2=NC(N(N)C(=O)C2C1)=CCCCN3CCN(CC3)C=4N=C5C(=CC4)C=CC=C5
VMMHKLBVXJNMEM-YAQRNVERNA-N,CHEMBL2169965,3359,A,8.53,chembl20,864726,9606,HTR3A,2102,N1=C(N=C(C=2C=CC=CC12)NC)N3CCN(CC3)C
VMTCKBHBISQSTL-CMPXTJDYNA-N,76331534,3359,A,8.30103,pubchem,526452,9606,HTR3A,2102,O=C(NC1C[C@@H]2N([C@H](C1)CCC2)C)C3=C4N=C(OC4=CC=C3)N5[C@@H](C(C)C)COCC5
VMTCKBHBISQSTL-OKFZWQNONA-N,CHEMBL3084766,3359,A,8.3,chembl20,674333,9606,HTR3A,2102,[C@@H]12C[C@H](NC(C3=C4N=C(OC4=CC=C3)N5[C@H](COCC5)C(C)C)=O)C[C@@H](CCC1)N2C
VKXYLXZLODSKCD-QZTJIDSGNA-N,CHEMBL454407,3359,N,3.6,chembl20,566267,9606,HTR3A,2102,C([C@H]1N(C(=O)[C@H](C1)CN2CCCCC2)C)#CC3=CC=CC=C3
SDFVJNYZXNDMQD-CNZLYEGXNA-N,CHEMBL3084432,3359,A,8.8,chembl20,800919,9606,HTR3A,2102,[C@@H]12CCC[C@@H](C[C@@H](C1)NC(C3=NN(C4=CC=CC=C43)CCCNC(=S)NC5=CC=C(C(=C5)C(O)=O)C6=C7C(OC=8C6=CC=C(C8)O)=CC(C=C7)=O)=O)N2C
SDFVJNYZXNDMQD-MLRYRSIGNA-N,76316931,3359,A,8.79588,pubchem,643471,9606,HTR3A,2102,S=C(NCCCN1N=C(C(=O)NC2C[C@@H]3N([C@H](C2)CCC3)C)C=4C1=CC=CC4)NC5=CC(=C(C=6C7=C(OC=8C6C=CC(=O)C8)C=C(O)C=C7)C=C5)C(O)=O
SDWUPSHVUBKGKN-YAQRNVERNA-N,CHEMBL38465,3359,A,8.74,chembl20,3465,9606,HTR3A,2102,N1=C(CC=2N=CNC2C)SC=C1C3=CC=CC=C3
SFVKVHVOODTRCH-HIWQDWTRNA-N,CHEMBL3084778,3359,A,8.08,chembl20,674333,9606,HTR3A,2102,[C@H]12CCC[C@H](C[C@H](C1)NC(C3=C4C(OC(=N4)C5CC5)=CC=C3)=O)N2C
SFVKVHVOODTRCH-YYTFNQGNNA-N,76327886,3359,A,8.08092,pubchem,526452,9606,HTR3A,2102,O1C(=NC2=C(C(=O)NC3C[C@@H]4N([C@H](C3)CCC4)C)C=CC=C12)C5CC5
SDYKMQKYPRJEJM-NQSZGVKWNA-N,76316950,3359,A,8.45593,pubchem,526452,9606,HTR3A,2102,O=C(NC1C[C@@H]2N([C@H](C1)CCC2)C)C3=C4N=C(OC4=CC=C3)N5[C@@H](CC(C)C)COCC5
SDYKMQKYPRJEJM-PWXFAFRWNA-N,CHEMBL3084767,3359,A,8.46,chembl20,674333,9606,HTR3A,2102,[C@H]12CCC[C@H](C[C@H](C1)NC(C3=C4N=C(OC4=CC=C3)N5[C@H](COCC5)CC(C)C)=O)N2C
SECBCZUIMWWSPE-UHFFFAOYNA-N,53238120,3359,A,7.92082,pubchem,712522,9606,HTR3A,2102,ClC1=C(SC=2C(N3CCNCC3)=CC=CC2)C=CC(OC)=C1
URKOMYMAXPYINW-UHFFFAOYNA-N,CHEMBL716,3359,A,6.0,chembl20,1329312,9606,HTR3A,2102,S1C=2C(C(N3CCN(CC3)CCOCCO)=NC=4C1=CC=CC4)=CC=CC2
UVEYNCQCHBIENE-XOCYATNVNA-N,CHEMBL472219,3359,A,6.6,chembl20,564428,9606,HTR3A,2102,C1(=CC(=CC2=C1NC=N2)Cl)C(=O)NC[C@@H]3CCN4CCC[C@]43C
XDJFTOOYWJXAAZ-MRXNPFEDNA-N,CHEMBL3261485,15561,A,6.75,chembl20,1350972,10090,HTR3A,2102,C1=C(C=C2C=3N(N=C2)CCN(C(C13)=O)[C@H]4C5CCN(C4)CC5)OC
XDJFTOOYWJXAAZ-MRXNPFEDNA-N,CHEMBL3261485,3359,A,7.87,chembl20,1350968,9606,HTR3A,2102,C1=C(C=C2C=3N(N=C2)CCN(C(C13)=O)[C@H]4C5CCN(C4)CC5)OC
XDSPKYGOPLCTEA-YIGIZFADNA-N,44427870,3359,A,5.24413,pubchem,297966,9606,HTR3A,2102,BrC1=CC=C(C[N+]23[C@@H]4[C@@]5([C@H]6N([C@@H]7OCC=C8[C@H]9[C@@H]7[C@H](N([C@@H]%10OCC=C([C@@H]([C@H]6%10)C4)C2)C%11=CC=CC=C%11)[C@@H]%12[C@@H]([N+](CC%12)(C8)CC%13=CC=C(Br)C=C%13)C9)C=%14C5=CC=CC%14)CC3)C=C1
XFBXGLNGAUZHSF-HCKMINDGNA-N,CHEMBL511699,3359,A,7.74,chembl20,864726,9606,HTR3A,2102,N1(CCCN(CC1)C)C=2N=C(C3=CC(=CC=C3N2)Cl)NC
XFMPGBXLGWZMQP-BLJPFOPQNA-N,CHEMBL404372,3359,A,5.97,chembl20,464433,9606,HTR3A,2102,C1=CC=C2N=C(N[C@H](C2=C1Cl)C)N
XFMPGBXLGWZMQP-MWEJZKJPNA-N,44456033,3359,A,5.97375,pubchem,316407,9606,HTR3A,2102,ClC1=C2[C@@H](N=C(NC2=CC=C1)N)C
XKRVOMXWYNEPTN-SPEPDGBUNA-N,CHEMBL223387,3359,A,5.85,chembl20,578446,9606,HTR3A,2102,C1=CC=2C(N(C(NC2C=C1C(NCCN3CCCCC3)=O)=O)CC4=CC=CC=C4OC)=O
XJNOJISWTROLSF-UHFFFAOYNA-N,10286136,15561,A,5.86328,pubchem,460741,10090,HTR3A,2102,ClC1=CC=2OC(N3C4CCN(CC4)CC3)=NC2N=C1
XJNOJISWTROLSF-UHFFFAOYNA-N,CHEMBL597241,3359,A,6.32,chembl20,851149,9606,HTR3A,2102,C12CCN(CCN1C3=NC4=C(O3)C=C(C=N4)Cl)CC2
XEWOFIPWWSYNAY-ODDWIFNFNA-N,56593934,3359,A,5.0,pubchem,621203,9606,HTR3A,2102,ClC=1C=C(S(=O)(=O)N/C(/N2N=CC3(CCNCC3)C2)=N\CC)C=CC1
XEWOFIPWWSYNAY-ZDTVLGBINA-N,CHEMBL1834350,3359,A,5.0,chembl20,771214,9606,HTR3A,2102,C12(CCNCC1)C=NN(C2)/C(=N/S(=O)(C=3C=C(C=CC3)Cl)=O)/NCC
WIHLVGZFKARCLL-GHOHXXQJNA-N,CHEMBL231056,3359,A,5.6,chembl20,445992,9606,HTR3A,2102,C1=CC=C2N3[C@H]4[C@H]5[C@H](N([C@H]6[C@H]7[C@H]3[C@]8(CC[N+]9([C@H]8C[C@H]7C(C9)=CCO6)C%10CCCC=C%10)C2=C1)C%11=CC=CC=C%11)[C@H]%12CC[N+]%13(C%14CCCC=C%14)[C@H]%12C[C@H]5C(=CCO4)C%13
WIPPGLNWEIAUEV-LLDOCCBONA-N,CHEMBL1824047,3359,A,6.1,chembl20,766545,9606,HTR3A,2102,C1=CC=CC(CCCN=C(N)N)=C1
WGAYVVNWRFPKMG-FICVDOATNA-N,CHEMBL3084708,79246,A,7.74,chembl20,606511,10116,HTR3A,2102,[C@@H]12N([C@@H](CC1)C[C@H](C2)OC(=O)C=3N(C4=C(C3)C=CC=C4)C)C
WGAYVVNWRFPKMG-YIONKMFJNA-N,76331529,79246,A,7.74473,pubchem,455453,10116,HTR3A,2102,O(C1C[C@@H]2N([C@@H](CC2)C1)C)C(=O)C=3N(C=4C(C3)=CC=CC4)C
WEDXHKBFMNCGFH-KRRFTOSTNA-N,76309734,3359,A,8.13668,pubchem,643471,9606,HTR3A,2102,O=C(NC1C[C@@H]2N([C@H](C1)CCC2)C)C3=NN(C4=C3C=CC=C4)CCCCNC(=O)C5=CC6=C(OC5=O)C=C(N(CC)CC)C=C6
WEDXHKBFMNCGFH-VYKSZDKRNA-N,CHEMBL3084433,3359,A,8.14,chembl20,800919,9606,HTR3A,2102,C(C=1C(=O)OC2=C(C1)C=CC(N(CC)CC)=C2)(=O)NCCCCN3C=4C=CC=CC4C(=N3)C(N[C@H]5C[C@@H]6CCC[C@@H](N6C)C5)=O
VZSXQQMZYQDDQE-KSGLLHJINA-N,CHEMBL605772,3359,A,9.64,chembl20,612614,9606,HTR3A,2102,C=1C=C(OCC2=CC=CC=C2)C3=C(C(C(NC4C[C@@H]5CCC[C@H](N5C)C4)=O)=NN3C)C1
WAXMULZSNYUPJB-JSHXYFJWNA-N,CHEMBL2011591,79246,A,7.59,chembl20,809641,10116,HTR3A,2102,C=1C=C2C(C(NCCCCCCCNC(NC[13C](=O)O)=O)=O)=C(C)C(N3CCN(C)CC3)=NC2=CC1
XLQKCOZKZDBOOM-BJGUTAQONA-N,CHEMBL3084768,3359,A,8.7,chembl20,674333,9606,HTR3A,2102,[C@H]12CCC[C@H](C[C@H](C1)NC(C3=C4N=C(OC4=CC=C3)N5[C@H](COCC5)C(C)(C)C)=O)N2C
XLQKCOZKZDBOOM-KKVURJRONA-N,76320682,3359,A,8.69897,pubchem,526452,9606,HTR3A,2102,O1C[C@@H](N(CC1)C=2OC=3C(N2)=C(C(=O)NC4C[C@@H]5N([C@H](C4)CCC5)C)C=CC3)C(C)(C)C
XLQUWSDQEGGAEN-UHFFFAOYNA-N,CHEMBL606254,15561,A,5.71,chembl20,611799,10090,HTR3A,2102,C=1(C=NC2=C(OC(=N2)N3C4CCN(CC4)CC3)C1)OC5=CC=CC=C5
XMWUNJMXZHCYGZ-UHFFFAOYNA-N,CHEMBL610228,15561,A,5.2,chembl20,611799,10090,HTR3A,2102,C1=C(N=C2N=C(OC2=C1)N3C4CCN(CC4)CC3)N5CCCC5
XONPZWREUKIQIP-MPIMZMORNA-N,CHEMBL503987,79246,A,8.47,chembl20,523350,10116,HTR3A,2102,N=1C=2C=C(C=CC2N3C(C1N4CCN(CC4)CC5=NC=NN5)=CC=C3)F
XONPZWREUKIQIP-UYBDAZJANA-N,44157939,79246,A,8.46852,pubchem,375321,10116,HTR3A,2102,FC1=CC=2N=C(N3CCN(CC3)CC4=NN=CN4)C=5N(C2C=C1)C=CC5
XSOUQQFRYGKIGJ-SKKVRFOWNA-N,CHEMBL2402891,3359,N,4.1,chembl20,971714,9606,HTR3A,2102,S(=O)(=O)(N1CCN(CC(CN2CCC(CNC(C3=C4C(=CC=C3)N=C(N4)C(C)C)=O)CC2)O)CC1)C
XQKKWUYBGYIOKW-MZSATQPUNA-N,CHEMBL605562,3359,A,5.28,chembl20,612614,9606,HTR3A,2102,C1(=CC=C2C(=C1)C(=NN2C)C(NC3C[C@@H]4CCC[C@H](N4C)C3)=O)OC
XHOQYFHYEDPLTL-KSGLLHJINA-N,CHEMBL604083,3359,A,6.13,chembl20,612614,9606,HTR3A,2102,C1=C(OCC2=CC=CC=C2)C=C3C(C(C(NC4C[C@@H]5CCC[C@H](N5C)C4)=O)=NN3C)=C1
XRXDAJYKGWNHTQ-UHFFFAOYNA-N,5011,3359,A,8.4318,pubchem,297966,9606,HTR3A,2102,N1(CCNCC1)C=2N=C3C(=CC2)C=CC=C3
XRXDAJYKGWNHTQ-UHFFFAOYNA-N,CHEMBL18772,79246,A,9.02,chembl20,592418,10116,HTR3A,2102,N1=C(N2CCNCC2)C=CC=3C1=CC=CC3
YAXFPKADGTTWAD-WYUMXYHSNA-N,CHEMBL2058415,3359,A,5.23,chembl20,989092,9606,HTR3A,2102,C1(=NC(=C(N1C)C=C2C=NC=3C=CC=C(C23)Br)O)NC
YABLRALLVGHPFP-UHFFFAOYNA-N,11572597,3359,A,5.48017,pubchem,460743,9606,HTR3A,2102,O1C(N2C3CCN(CC3)CC2)=NC=4N=C(C=CC14)CC
YDFLGNNHJDQNRD-UHFFFAOYNA-N,53237429,3359,A,6.72125,pubchem,712522,9606,HTR3A,2102,S(C1=C(N2CCNCC2)C=C(C=C1)C)C3=CC=C(OC)C=C3
WLMBSKSEPQCRJV-UEBCHADLNA-N,CHEMBL599760,3359,A,5.0,chembl20,612484,9606,HTR3A,2102,N1(CCN(CC1)C[C@H](NC(C2=CC3=C(S2)N(N=C3C=4C=CC=CC4)C)=O)C)C(=O)C
WLYLIKBNGQZDFH-SPEPDGBUNA-N,CHEMBL224310,3359,A,5.89,chembl20,578446,9606,HTR3A,2102,C1=CC=2C(N(C(NC2C=C1C(NCCCN3CCOCC3)=O)=O)CC4=CC=C(C=C4)Cl)=O
WKWADEWWLCVVLF-UHFFFAOYNA-N,CHEMBL1258223,3359,A,5.97,chembl20,664931,9606,HTR3A,2102,C1=C(C(NC)=C2C(OCCO2)=C1C(OCC3CCN(CC3)CCCC)=O)Cl
WJMAMTPJNQQNJJ-WYUMXYHSNA-N,CHEMBL2169971,3359,A,8.23,chembl20,864726,9606,HTR3A,2102,C=1(N=C(C=C2C=CC=CC12)N3CCN(CC3)C)NC
WJXIBLXJBTVURN-UHFFFAOYNA-N,46179722,15561,A,6.85078,pubchem,460741,10090,HTR3A,2102,O1C(N2C3CCN(CC3)CC2)=NC4=NC(OC)=CC=C14
WHHXYDWPIRKEHF-DVIAZDKANA-N,CHEMBL374351,3359,N,4.24,chembl20,578446,9606,HTR3A,2102,C=1C(=CC=2NC(N(C3=CC=C(C=C3)F)C(C2C1)=O)=O)C(=O)NCCN4CCOCC4
WLINCFBAKQHMPZ-OAHLLOKONA-N,66898814,3359,A,8.19382,pubchem,1141224,9606,HTR3A,2102,FC=1C=C2C(=O)N([C@H]3C4CCN(C3)CC4)CCN5N=CC(=C52)C1
WLINCFBAKQHMPZ-OAHLLOKONA-N,CHEMBL3261482,15561,A,6.75,chembl20,1350972,10090,HTR3A,2102,C1=C(C=C2C=3N(N=C2)CCN(C(C13)=O)[C@H]4C5CCN(C4)CC5)F
WMCQQCPVMMLQSS-YGPBECBDNA-N,CHEMBL18710,79246,A,5.4,chembl20,3410,10116,HTR3A,2102,C=12C(=COC1C=CC(C(=O)N)=C2)CCN(C)C
WTRJSQBNDURZJN-UHFFFAOYNA-N,53237430,3359,A,6.30103,pubchem,712522,9606,HTR3A,2102,ClC1=CC=C(SC2=C(N3CCNCC3)C=C(C=C2)C)C=C1
WPCNEALSHHOJPZ-AWHHBVKZNA-N,CHEMBL512418,79246,A,7.77,chembl20,523350,10116,HTR3A,2102,N=1C=2C=C(C=CC2N3C(C1N4CCN(CC4)CC5=NC(=NN5)O)=CC=C3)F
WPCNEALSHHOJPZ-ORVKFNBTNA-N,44157941,79246,A,7.76955,pubchem,375321,10116,HTR3A,2102,FC1=CC=2N=C(N3CCN(CC3)CC4=NNC(O)=N4)C=5N(C2C=C1)C=CC5
WQGOHKFYLWGZBM-UHFFFAOYNA-N,53238128,3359,A,6.82391,pubchem,712522,9606,HTR3A,2102,S(C1=C(N2CCNCC2)C=C(C=C1)C)C3=C(C=C(C=C3)C)C
XBRKSAQXTGMBRJ-UHFFFAOYNA-N,CHEMBL1958329,3359,A,8.11,chembl20,805903,9606,HTR3A,2102,C1(N(N=CC(C=2C=CC(=CC2)OCCCN3CCCCC3)=C1)C4=CC=CC=N4)=O
XBRKSAQXTGMBRJ-UHFFFAOYNA-N,CHEMBL1958329,79246,A,7.8,chembl20,805902,10116,HTR3A,2102,C1(N(N=CC(C=2C=CC(=CC2)OCCCN3CCCCC3)=C1)C4=CC=CC=N4)=O
WYWNEDARFVJQSG-UHFFFAOYNA-N,CHEMBL266591,3359,A,5.92,chembl20,3466,9606,HTR3A,2102,C=1C(=CC=2C(=C(NC2C1)C)CCN)O
WZFUDBWXCSNZLO-UNPFRIIGNA-N,44623401,79246,A,6.85078,pubchem,652569,10116,HTR3A,2102,O=C(NCCOCCOCCNC(=O)NC[13C](=O)O)C1=C(C(N2CCN(CC2)C)=NC=3C1=CC=CC3)C
WWOMJAJTOOLHDS-GPQMBLKYNA-N,CHEMBL2169964,3359,A,7.33,chembl20,864726,9606,HTR3A,2102,C1=CC=CC=2C1=C(O)N=C(N3CCN(CC3)C)N2
WXYUVRGAULOLOJ-HXTKINSTNA-N,CHEMBL466446,79246,A,6.61,chembl20,523350,10116,HTR3A,2102,N=1C=2C=C(C=CC2N3C(=CC=C3)C1N4CCN(CC4)CC(N=S(C)(O)=O)=O)F
YJZAFOHWUCTBKL-XZAPGCHFNA-N,CHEMBL230952,3359,N,4.82,chembl20,445992,9606,HTR3A,2102,C1=CC=C2N3[C@H]4[C@H]5[C@H](N([C@H]6[C@H]7[C@H]3[C@]8(CC[N+]9([C@H]8C[C@H]7C(C9)=CCO6)C/C=C/C)C2=C1)C%10=CC=CC=C%10)[C@H]%11CC[N+]%12(CC([C@@H]5C[C@@H]%11%12)=CCO4)C/C=C/C
YKBQHBXRXWGQIZ-UHFFFAOYNA-N,CHEMBL3093187,3359,A,5.59,chembl20,1278511,9606,HTR3A,2102,C1=CC(=C2C(=C1)C=3C(C(=N2)OCC4CCN(CC4)CCCC(F)(F)F)=CC=CN3)F
YLVXKWTUSBUFLM-JZQNCSNPNA-N,CHEMBL415570,3359,N,4.52,chembl20,445995,9606,HTR3A,2102,C1=CC=C2N3C=C4[C@H](N([C@H]5[C@H]6[C@H]3[C@@]7(C2=C1)CC[N+]8(CC9=CC=C(C=C9)N(=O)=O)[C@H]7C[C@H]6C(C8)=CCO5)C%10=CC=CC=C%10)C%11CC[N+]%12([C@H]%11C[C@H]4/C(/C%12)=C\CO)CC%13=CC=C(C=C%13)N(=O)=O
YMGCQAHDDYCKLB-VEORKLDJNA-N,CHEMBL224227,3359,N,4.94,chembl20,578446,9606,HTR3A,2102,C1=CC=2C(N(C(NC2C=C1C(NCCCN3C(CCCC3)C)=O)=O)CC4=CC=C(C=C4)Cl)=O
YPQJBCKTOCWAQJ-DLGLGFIGNA-N,CHEMBL18928,79246,A,5.37,chembl20,3410,10116,HTR3A,2102,C=12C=C(C(=O)N)C=CC1OCC2CCN
YLCLVZULHOQJRR-QWOVJGMINA-N,CHEMBL489061,3359,N,4.78,chembl20,864726,9606,HTR3A,2102,C1=C(Cl)C=C2C(=NC(N3CCN(CC3)C)=NC2=C1)NCC4CCCCC4
YNRFAWWXOCTZKF-UHFFFAOYNA-N,24996324,79246,A,7.92082,pubchem,648454,10116,HTR3A,2102,O(CCCN1CCCCCC1)C2=CC=C(C=C2)C3=CC(=O)N(N=C3)C4=NC=CC=C4
YNRFAWWXOCTZKF-UHFFFAOYNA-N,CHEMBL1958330,3359,A,8.28,chembl20,805903,9606,HTR3A,2102,C1(N(C2=CC=CC=N2)N=CC(C=3C=CC(=CC3)OCCCN4CCCCCC4)=C1)=O
YVENIGOVHPMTDH-UHFFFAOYNA-N,CHEMBL3217984,3359,A,6.2,chembl20,1329312,9606,HTR3A,2102,S1C2=C3C(=CC=C2)C4C(N3C5=C(C1)C=CC=C5)CCN(C4)C
YTLUXTFQLXDBJU-MPIMZMORNA-N,CHEMBL489271,3359,A,8.57,chembl20,864726,9606,HTR3A,2102,C1=C(Cl)C=C2C(=NC(N3CCN(CC3)C)=NC2=C1)NCC=4C=CC(=CC4)N
YQNWZWMKLDQSAC-UHFFFAOYNA-N,66860907,3359,A,8.4318,pubchem,712519,9606,HTR3A,2102,S(C=1C(N2CCNCC2)=CC=CC1)C3=C(C=C(C=C3)C)C
YQNWZWMKLDQSAC-UHFFFAOYNA-N,66860907,79246,A,9.74473,pubchem,712498,10116,HTR3A,2102,S(C=1C(N2CCNCC2)=CC=CC1)C3=C(C=C(C=C3)C)C
YQRNOVVTYJEJEA-QQDVIYGSNA-N,CHEMBL2179879,3359,N,4.45,chembl20,877365,9606,HTR3A,2102,C1CN2[C@H]([C@@H](C1CC2)NC(=O)C=3OC4=C(C3)C=C(C=C4)Cl)CC=5C=CC=NC5
YQSXXLHEQOZMOT-LNNLXFCONA-N,CHEMBL363124,3359,A,5.0,chembl20,932184,9606,HTR3A,2102,N1N=C2C=C(CCN3CCN(CC3)C4=C5C(C=CC=C5)=CC=C4)C=CC2=N1
YKQRXGQZAGVEJY-SPEPDGBUNA-N,CHEMBL223331,3359,A,5.62,chembl20,578446,9606,HTR3A,2102,C1=CC=2C(N(C(NC2C=C1C(=O)NCCN3CCCCC3)=O)CC4=CC=CC(=C4)F)=O
YKRUFPIZXYGXST-YJJYDOSJNA-N,CHEMBL466662,79246,A,6.63,chembl20,523350,10116,HTR3A,2102,N=1C=2C=C(C=CC2N3C(C1N4CCN(CC4)C([C@@H](C=O)N)O)=CC=C3)F
XWTAQEXSIBGWRM-UHFFFAOYNA-N,CHEMBL563848,15561,A,5.4,chembl20,611799,10090,HTR3A,2102,C12CCN(CC1)CCN2C(OC3=CC=CC=C3)=O
XWTAQEXSIBGWRM-UHFFFAOYNA-N,CHEMBL563848,3359,A,5.4,chembl20,851152,9606,HTR3A,2102,C12CCN(CC1)CCN2C(OC3=CC=CC=C3)=O
XWZBMRVQAUIZFU-PKSOQXRJNA-N,CHEMBL570103,79246,A,7.35,chembl20,592418,10116,HTR3A,2102,C1=C(F)C=C2N=C(N3CCN(CC3)CC(=O)NN)C4=CC=CN4C2=C1
XVBPOYYIPRSULQ-UHFFFAOYNA-N,23155758,3359,A,7.0804,pubchem,536968,9606,HTR3A,2102,ClC=1C=2N=C(N(N)C(=O)C2C=CC1)CCCCN3CCN(CC3)C=4N=C5C(=CC4)C=CC=C5
XUKROCVZGZNGSI-CIFLUQPANA-N,25070031,79246,A,8.07058,pubchem,648454,10116,HTR3A,2102,O(CCCN1[C@@H](CCC1)C)C=2C=CC(=CC2)C3=NN=C(O)C=C3
XUKROCVZGZNGSI-CIFLUQPANA-N,CHEMBL1829335,3359,A,8.7,chembl20,805903,9606,HTR3A,2102,[C@H]1(CCCN1CCCOC2=CC=C(C=C2)C3=NN=C(C=C3)O)C
YMNXOJIOGVVKPL-YHSKDTNENA-N,CHEMBL2169972,3359,A,6.66,chembl20,864726,9606,HTR3A,2102,C=1(N=C(C=C2C=CC=CC12)N3CCN(CC3)C)N
ZSDSOMKIKNSFJG-UHFFFAOYNA-N,53237896,3359,A,7.17393,pubchem,712522,9606,HTR3A,2102,ClC1=C(SC=2C(N3CCNCC3)=CC=CC2)C=CC=C1Cl
ZTOYBNWVJQYBOX-APDQLCSENA-N,76309747,3359,A,7.14146,pubchem,526452,9606,HTR3A,2102,O=C(NC1C[C@@H]2N([C@H](C1)CCC2)C)C3=C4N=C(OC4=CC=C3)N5CCNCC5
ZTOYBNWVJQYBOX-KKBRQIQINA-N,CHEMBL3084772,3359,A,7.14,chembl20,674333,9606,HTR3A,2102,[C@@H]12N([C@@H](C[C@H](C1)NC(C3=C4C(OC(=N4)N5CCNCC5)=CC=C3)=O)CCC2)C
ZROXYPDPKXBHHW-GOSISDBHNA-N,24996327,79246,A,8.30103,pubchem,648454,10116,HTR3A,2102,O(CCCN1[C@@H](CCC1)C)C2=CC=C(C=C2)C=3C(=NN(C(=O)C3)C4=NC=CC=C4)C
ZROXYPDPKXBHHW-GOSISDBHNA-N,CHEMBL1958333,3359,A,8.77,chembl20,805903,9606,HTR3A,2102,C1(C=C(C(=NN1C2=CC=CC=N2)C)C=3C=CC(=CC3)OCCCN4[C@@H](CCC4)C)=O
ZMWMLWGNIHSFEN-VVKINWOJNA-N,CHEMBL2402889,3359,N,4.2,chembl20,971714,9606,HTR3A,2102,O=S(=O)(N1CCN(CC(CN2CCC(NC(C3=C4C(=CC=C3)NC=N4)=O)CC2)O)CC1)C
ZQRQLCVEOGQBJA-HDZYHOCLNA-N,CHEMBL2426072,3359,A,6.12,chembl20,983724,9606,HTR3A,2102,C(/C=C/C(=O)N1N=C(CC1C=2C=CC(=CC2)Cl)C=3C(=NC4=CC=CC=C4C3C=5C=CC(=CC5)Br)O)(O)=O
ZPMNHBXQOOVQJL-PKSOQXRJNA-N,CHEMBL117287,3359,A,5.4,chembl20,564428,9606,HTR3A,2102,C=12OCCC1C(=C(C=C2C(=O)NC3CCN(CC3)CCCOC)Cl)N
ZINGRQZUIVEPKX-UHFFFAOYNA-N,44592241,3359,A,6.39362,pubchem,416802,9606,HTR3A,2102,O(CC1CCNCC1)C2=CC3=C(C=C2)C=CC(=C3)C#N
ZIQGASWXUSSORV-UHFFFAOYNA-N,CHEMBL481863,3359,A,5.52,chembl20,488314,9606,HTR3A,2102,C1=CC=C2N=C(OC2=C1)OC3=CC=C(C=C3)OCCN4CCCCC4
YZHWETPHARDZQM-UHFFFAOYNA-N,CHEMBL1276920,3359,A,7.06,chembl20,684849,9606,HTR3A,2102,N1=C(N(C(=O)C=2C(=C(SC21)C)C)N)SCCCN3CCN(CC3)C4=NC5=C(S4)C=CC=C5
ZBFOHUZFNZHQKR-QYRFSWOLNA-N,62705633,3359,A,5.58104,pubchem,780308,9606,HTR3A,2102,BrC=1C=C2C(/C=C\3/N(/C(/N(C3=O)C)=N/C)C)=CNC2=CC1
ZBIXUHYPMHVHKQ-UHFFFAOYNA-N,CHEMBL1277281,3359,A,7.2,chembl20,684849,9606,HTR3A,2102,N1=C(N(C(C2CCCC=C12)=O)N)SCCCN3CCN(CC3)C=4N=C5C=CC=CC5=CC4
ZDCLGHCQWVFXJS-UHFFFAOYNA-N,24995990,3359,A,8.05061,pubchem,648455,9606,HTR3A,2102,O(CCCN1CCCCC1)C2=CC=C(C=3C(=NN(C(=O)C3)C)C)C=C2
ZDCLGHCQWVFXJS-UHFFFAOYNA-N,24995990,79246,A,7.74473,pubchem,648454,10116,HTR3A,2102,O(CCCN1CCCCC1)C2=CC=C(C=3C(=NN(C(=O)C3)C)C)C=C2
ZNRGQMMCGHDTEI-ITGUQSILNA-N,CHEMBL56564,3359,A,8.8,chembl20,689121,9606,HTR3A,2102,C1(C(=O)O[C@H]2C[C@H]3CC[C@H](N3C)C2)=CNC=4C1=CC=CC4
ZLUOOMMZUAJVNO-UHFFFAOYNA-N,CHEMBL597440,15561,A,5.21,chembl20,611799,10090,HTR3A,2102,C12CCN(CCN1C3=NC4=C(O3)C=C(C=N4)F)CC2
ZLUOOMMZUAJVNO-UHFFFAOYNA-N,CHEMBL597440,3359,A,5.61,chembl20,611801,9606,HTR3A,2102,C12CCN(CCN1C3=NC4=C(O3)C=C(C=N4)F)CC2
ZLVGQXFVHCGGPY-MPIMZMORNA-N,24995992,3359,A,8.10237,pubchem,648455,9606,HTR3A,2102,O(CCCN1CCCCC1)C2=CC=C(C=C2)C3=C(N=NC(O)=C3)C
ZLVGQXFVHCGGPY-MPIMZMORNA-N,CHEMBL1958324,79246,A,7.64,chembl20,805902,10116,HTR3A,2102,C1(=CC(=C(N=N1)C)C=2C=CC(=CC2)OCCCN3CCCCC3)O
ZSXVTCQOHADCFY-QWOVJGMINA-N,56946195,3359,A,7.72125,pubchem,648455,9606,HTR3A,2102,O(CCCN1CCCCC1)C2=CC=C(C=C2)C=3C=C(O)N=NC3
ZSXVTCQOHADCFY-QWOVJGMINA-N,56946195,79246,A,7.55284,pubchem,648454,10116,HTR3A,2102,O(CCCN1CCCCC1)C2=CC=C(C=C2)C=3C=C(O)N=NC3
ZMEPAGFWARRSBT-UHFFFAOYNA-N,CHEMBL342447,79246,A,7.89,chembl20,592418,10116,HTR3A,2102,C1=C(C=C2N=C(N3CCN(CC3)CC4=CC=CC=C4)C=5N(C=CC5)C2=C1)F
ZKBYTERDWDMGKM-LJQANCHMNA-N,24996325,3359,A,8.74473,pubchem,648455,9606,HTR3A,2102,O(CCCN1[C@@H](CCC1)C)C2=CC=C(C=C2)C3=CC(=O)N(N=C3)C4=NC(=CC=C4)C
ZKBYTERDWDMGKM-LJQANCHMNA-N,CHEMBL1958331,79246,A,8.36,chembl20,805902,10116,HTR3A,2102,C1(C=C(C=NN1C2=CC=CC(=N2)C)C=3C=CC(=CC3)OCCCN4[C@@H](CCC4)C)=O
ZCOOWPLAEBRGOA-HNNXBMFYNA-N,CHEMBL1643885,3359,A,8.7,chembl20,700634,9606,HTR3A,2102,C1=C2C(N(CC3=NN(C(C=C1F)=C32)C)[C@@H]4C5CCN(C4)CC5)=O
ZCUBEQCDRQOEAQ-URUYPZNPNA-N,CHEMBL1272122,3359,A,7.91,chembl20,674333,9606,HTR3A,2102,C1C2CCN(C1)C[C@H]2NC(C3=C4C(OC(=N4)N(CC)CC)=CC=C3)=O
ZHSLKEYCKRMUKN-UHFFFAOYNA-N,53237435,3359,A,7.19382,pubchem,712522,9606,HTR3A,2102,S(C=1C(N2CCNCC2)=CC=CC1)C3=CC=CC=C3
ZUFRPGFBOPXENO-UHFFFAOYNA-N,CHEMBL1278175,3359,A,7.32,chembl20,684849,9606,HTR3A,2102,N=1C(N(C(C2CC(CCC12)C)=O)N)=CCCCN3CCN(CC3)C=4N=C5C=CC=CC5=CC4
ZXDOWRQWHIUDFJ-ALLFDXPCNA-N,76313441,3359,A,7.39362,pubchem,526452,9606,HTR3A,2102,O=C(NC1C[C@@H]2N([C@H](C1)CCC2)C)C3=C4OC(=NC4=CC=C3)C=5C=CC=CC5
ZXDOWRQWHIUDFJ-JJVVVXOKNA-N,CHEMBL3084783,3359,A,7.39,chembl20,674333,9606,HTR3A,2102,[C@@H]12N([C@@H](C[C@H](C1)NC(C3=C4C(N=C(O4)C=5C=CC=CC5)=CC=C3)=O)CCC2)C
ZXEGJFBTERHJCI-UHFFFAOYNA-N,CHEMBL1278088,3359,A,8.33,chembl20,684895,9606,HTR3A,2102,N=1C(N(C(C2CCCCC12)=O)N)=CCCCN3CCN(CC3)C=4N=C5C=CC=CC5=CC4
