compound_id,base_rdkit_smiles,relation,PIC50,active
WLYLIKBNGQZDFH-UHFFFAOYSA-N,O=C(NCCCN1CCOCC1)c1ccc2c(=O)n(Cc3ccc(Cl)cc3)c(=O)[nH]c2c1,,5.886056647693162,0
PNHTUMMCJLWVTR-UHFFFAOYSA-N,COc1ccc(-c2cc(NC(=O)CCCCN3CCCOCC3)n[nH]2)cc1,>,4.5228787452803365,0
PYCJRTFNOGPLEL-UHFFFAOYSA-N,Nn1c(CCCCN2CCN(c3ccc4ccccc4n3)CC2)nc2cc(Cl)ccc2c1=O,>,7.0,1
MMIPHEFKLSFNNB-MWGLOKQDSA-L,COc1ccc(C[N+]23CCC4C5C6C(CC42)C(=CCOC6N2c4ccccc4C46CC[N+]7(Cc8ccc(OC)c(OC)c8)CC8=CCOC(C(C8CC47)C26)N5c2ccccc2)C3)cc1OC,,4.5114393493046165,0
PWVBQEUMVVPFJT-UHFFFAOYSA-N,Nn1c(CCCCN2CCN(c3ccc4ccccc4n3)CC2)nc2cc(F)ccc2c1=O,>,7.0,1
POOPPNNSPMKABZ-UHFFFAOYSA-N,COC1Cc2ccccc2C2(CCN(Cc3ccccc3)CC2)O1,>,5.0,0
OSVMSQACZRYAPT-UHFFFAOYSA-N,COc1cccc(CN2CCN(C3CCC(O)(c4ccc5c(c4)OCO5)CC3)CC2)c1,>,4.0,0
TZSHYDBBXRRBCE-UHFFFAOYSA-N,Nn1c(CCCCN2CCN(c3ccc4ccccc4n3)CC2)nc2ccc(Cl)cc2c1=O,>,7.0,1
FKCDNDBJVOQPJB-UHFFFAOYSA-N,CCC1CCCCN1CCNC(=O)c1ccc2c(=O)n(Cc3ccc(Cl)cc3)c(=O)[nH]c2c1,,4.866461091629782,0
ZUTQCPBDRJBADG-UHFFFAOYSA-N,Fc1cccc(CCN2CCN(CCCc3c[nH]c4ccc(-n5cnnc5)cc34)CC2)c1,>,5.0,0
CZPMNOSNQHHGTD-UHFFFAOYSA-N,CCCCN1CCC(COc2nc3ccsc3n3cccc23)CC1,>,5.0,0
MIQNWMJNRQADMN-UHFFFAOYSA-N,O=C(CCCCN1CCCCC1)Nc1cc(-c2ccc(Br)cc2)[nH]n1,>,4.5228787452803365,0
HIKALAMHAXPLDW-RCCNGQCQSA-L,OCC=C1C[N+]2(C3C=CCCC3)CCC3C4C(=CN5c6ccccc6C67CC[N+]8(C9C=CCCC9)CC9=CCOC(C(C9CC68)C57)N4c4ccccc4)C1CC32,,4.5114393493046165,0
FCQFXDREOPQEAF-UHFFFAOYSA-N,CC1CCc2c(nc(CCCCN3CCN(c4ccc5ccccc5n4)CC3)n(N)c2=O)C1,,7.009217308196861,1
RPQHJWKLRRXKIS-UHFFFAOYSA-N,O=C(Cn1nc(C2CCCCC2)cc(Cc2ccco2)c1=O)NC1Cc2ccccc2C1,,5.100000128334196,0
HCPLJHRNFWGIEM-XSHQRCBMSA-L,O=[N+]([O-])c1ccc(C[N+]23CCC4C5C6C(CC42)C(=CCOC6N2c4ccccc4C46CC[N+]7(Cc8ccc([N+](=O)[O-])cc8)CC8=CCOC(C(C8CC47)C26)N5c2ccccc2)C3)cc1,>,4.0,0
QCJPMOOSRAYGGE-UHFFFAOYSA-N,Nn1c(CCCCN2CCN(c3ccc4cc(O)ccc4n3)CC2)nc2c(c1=O)CCCC2,>,7.0,1
MQZFLDZRBIKMGM-UHFFFAOYSA-N,O=C(Oc1ccc2ccccc2c1)N1CCN2CCC1CC2,>,5.5003129173815966,0
LZVLTVPNYIRFTB-UHFFFAOYSA-N,Cc1cc2ccccc2nc1N1CCN(CCCCc2nc3c(c(=O)n2N)CCCC3)CC1,>,7.0,1
FEPROLQKWGDFKU-UHFFFAOYSA-N,Cc1sc2nc(CCCCN3CCN(c4ccc5ccccc5n4)CC3)n(N)c(=O)c2c1C,,7.573488738635424,1
FPNPHDMTUDVXEY-ITAXXUCMSA-M,C=CC[N+]12CCC3C4C5C(CC31)C(=CCOC5N1c3ccccc3C35CCN6CC7=CCOC(C(C7CC63)C15)N4c1ccccc1)C2,,4.5114393493046165,0
ZRMKLDGEAIPBEE-UHFFFAOYSA-N,Cc1c(N2CCN(CCCCc3nc4c(c(=O)n3N)CCCC4)CC2)nc2ccccc2c1C,>,7.0,1
HQYLURGLNKLOQJ-XHDPSFHLSA-N,CC(OC(=O)NC1CN2CCC1CC2)c1ccccc1F,,4.7000000685570305,0
RXLOZRCLQMJJLC-UHFFFAOYSA-N,O=C(Oc1ccc(Br)cc1)N1CCN2CCC1CC2,>,5.5003129173815966,0
DQFJTXJCMDYWKL-UHFFFAOYSA-N,Nn1c(CCCCN2CCN(c3nc4ccccc4cc3O)CC2)nc2c(c1=O)CCCC2,,7.279014255846262,1
YZHWETPHARDZQM-UHFFFAOYSA-N,Cc1sc2nc(SCCCN3CCN(c4nc5ccccc5s4)CC3)n(N)c(=O)c2c1C,,7.057495893831919,1
SLMFOVKWAUVQPC-UHFFFAOYSA-N,O=C(NCCCCN1CCCCC1)Nc1ccc(-c2ccccn2)nc1,>,4.5228787452803365,0
GEIHZHQRXYKYAE-UHFFFAOYSA-N,c1ccc(CSc2ncnc3sccc23)cc1,,5.045757490560675,0
JXEWFPXPEYRYSN-UHFFFAOYSA-N,O=C(NCCN1CCOCC1)c1ccc2c(=O)n(Cc3ccc(F)cc3)c(=O)[nH]c2c1,,4.703334809738468,0
MUIUUGJVKFYPIF-UHFFFAOYSA-N,O=C(NCCCCN1CCCCC1)Nc1ccc(-c2ccccc2)cc1,,5.102372908709559,0
LZQMVVGBOPZASC-UHFFFAOYSA-N,COc1ccc(-c2cc(NC(=O)CCCCN3CCCCCC3)n[nH]2)cc1,>,4.5228787452803365,0
GSEARIWHWZTSPV-UHFFFAOYSA-N,Cc1ccc2nc(CCCCN3CCN(c4ccc5ccccc5n4)CC3)n(N)c(=O)c2c1,,7.341035157335565,1
OXIAXPOOKVTTDN-UHFFFAOYSA-N,O=C(NCCCCN1CCCCC1)Nc1ccc(-c2ccccc2F)cc1,,5.2441251443275085,0
FXRGLPUKLPILJM-UHFFFAOYSA-N,CC1CCCCN1CCNC(=O)c1ccc2c(=O)n(Cc3ccc(Cl)cc3)c(=O)[nH]c2c1,,5.552841968657781,0
WHCWGLIMIAJMOY-UHFFFAOYSA-N,Fc1ccccc1CSc1ncnc2sc3c(c12)CCCC3,,4.920818753952375,0
HKFMQJUJWSFOLY-OAQYLSRUSA-N,Fc1ccc(-c2cncc(CNCC3CCc4ccccc4O3)c2)cc1,<,8.221848749616356,0
IAORVHGBICJISE-STYPWORHSA-M,CCC12CCCN3CCC4(C5CCCCC5NC4C(C(=O)[O-])C1)C32,>,4.0,0
OJNSMLDRVFFVJN-UHFFFAOYSA-N,Nn1c(SCCCN2CCN(c3ccc4ccccc4n3)CC2)nc2c(c1=O)CCCC2,,7.195179321278838,1
BSNKYWSMUAGMDO-UHFFFAOYSA-N,Cc1ccc2oc(N3CCN4CCC3CC4)nc2n1,,8.301029995663981,1
XRDVQWJPAZZLKN-UHFFFAOYSA-N,COc1ccc(S(=O)(=O)n2cc(C)c3cc(Cl)cnc32)cc1NC1CCN(C)CC1,>,5.0,0
PYCLIFABZLPONX-UHFFFAOYSA-N,O=C(NCCN1CCCCC1)c1ccc2c(=O)n(Cc3ccc(F)cc3)c(=O)[nH]c2c1,,5.721246399047171,0
CFOHOEGJDCNBCR-UHFFFAOYSA-N,Nn1c(CCCCN2CCN(c3ccc4ccccc4n3)CC2)nc2ccc(F)cc2c1=O,,7.002613615602686,1
MJSSERWIBBMXQD-UHFFFAOYSA-N,Brc1cnc2nc(N3CCN4CCC3CC4)oc2c1,,6.108462542327437,1
DWCWRMNZCYONIV-UHFFFAOYSA-N,Cc1sc2nc(SCCCN3CCN(c4ccc5ccccc5n4)CC3)[nH]c(=O)c2c1C,>,7.0,1
VHKBTPQDHDSBSP-UHFFFAOYSA-N,COc1cc(NC(=O)c2ccc(-c3ccc(Cl)cc3)o2)cc(OC)c1,>,5.0,0
DWGFHYJCLFQFTA-UHFFFAOYSA-N,Cn1c(=O)[nH]c2cc(C(=O)NCCN3CCCCC3)ccc2c1=O,,5.657577319177793,0
HGUUKRWUSHWXTH-UHFFFAOYSA-N,Nn1c(CN2CCN(c3ccc4ccccc4n3)CC2)nc2c(c1=O)CCCC2,,7.062482107982652,1
SYMHUEFSSMBHJA-UHFFFAOYSA-N,Cc1[nH]cnc2ncnc1-2,,4.0,0
YOCUJVXRRWEPDN-UHFFFAOYSA-N,O=C(NCCCCN1CCCCC1)Nc1ccc(-c2ccccc2F)nc1,>,4.5228787452803365,0
QYWDOJXSLBBWLE-UHFFFAOYSA-N,c1ccc(CN2CCN(c3nc4ccsc4n4cccc34)CC2)cc1,,8.85078088734462,1
FWCCJDYYJWWQOS-UHFFFAOYSA-N,O=C(NCCCCN1CCCCC1)Nc1ccc(-c2ccccc2)nc1,>,4.5228787452803365,0
HFOUMBDMIJJHCK-BXKMTCNYSA-N,COc1cc(N)c(Cl)cc1C(=O)NCCN(C)CC1CCCCC1(O)c1cccc(O)c1,,5.55451342205049,0
BVIAOQMSVZHOJM-UHFFFAOYSA-N,CN(C)c1ncnc2nc[nH]c12,,4.0,0
NVNVERQZWUUANS-UHFFFAOYSA-N,O=C(NCCN1CCCCC1)c1ccc2c(=O)n(-c3ccc(F)cc3)c(=O)[nH]c2c1,,5.721246399047171,0
VJSCAPXAYUYCDD-MBOLQDAKSA-L,C[N+]12CCC3C4C5C(CC31)C(=CCOC5N1c3ccccc3C35CC[N+]6(C)CC7=CCOC(C(C7CC36)C15)N4c1ccccc1)C2,,4.5114393493046165,0
OMLDMGPCWMBPAN-UHFFFAOYSA-N,COc1cc(N)c(Cl)cc1C(=O)NC1CCNCC1OC,,5.795880017344076,0
RYIMMAUZEHWVRP-JJDXUFKPSA-L,C1=C2C[N+]3(Cc4ccccc4)CCC4C5C(C2CC43)C(OC1)N1c2ccccc2C23CC[N+]4(Cc6ccccc6)CC6=CCOC(C(C6CC24)C13)N5c1ccccc1,,4.0,0
UMWDYBZXNCMBRO-UHFFFAOYSA-N,Cc1cc2c(NCc3ccccc3)ncnc2s1,,4.0,0
PKPRDSSAMMLSLJ-UHFFFAOYSA-N,Cc1nc2nc(N3CCN4CCC3CC4)oc2cc1Cl,,7.154901959985742,1
AKEMSLQKCWUTEN-UHFFFAOYSA-L,C[N+](C)(Cc1ccc([N+](=O)[O-])cc1)Cc1c2n(c3ccccc13)Cc1c(C[N+](C)(C)Cc3ccc([N+](=O)[O-])cc3)c3ccccc3n1C2,,4.5114393493046165,0
HLMKBCUKQMBYDR-UHFFFAOYSA-N,Nn1c(SCCCN2CCN(c3ccc4ccccc4n3)CC2)nc2ccccc2c1=O,,7.155522824254319,1
WHHXYDWPIRKEHF-UHFFFAOYSA-N,O=C(NCCN1CCOCC1)c1ccc2c(=O)n(-c3ccc(F)cc3)c(=O)[nH]c2c1,,4.2441251443275085,0
UPVXJFQSDLKQRB-UHFFFAOYSA-N,O=C(NCCCCN1CCCCC1)Nc1ccc(-c2ccc(F)nc2)cc1,>,4.5228787452803365,0
POJMJIIKSJRQPV-QZOFJNMOSA-N,COc1cccc(C2(O)CCCCC2CN2CCC(NC(=O)c3cc(Cl)c(N)cc3OC)C(OC)C2)c1,,6.284076977150637,1
FUSIITLPTACWMA-XYRKINJJSA-L,C=CC[N+]12CCC3C4C5C(CC31)C(=CCOC5N1c3ccccc3C35CC[N+]6(CC=C)CC7=CCOC(C(C7CC36)C15)N4c1ccccc1)C2,,4.0,0
NNJAFUNKEIDAAF-UHFFFAOYSA-N,O=C(NCCN1CCCCC1)c1ccc2c(=O)n(C3CCCCC3)c(=O)[nH]c2c1,,5.698970004336019,0
KELGFUJORMNBDM-UHFFFAOYSA-N,COc1ccc(-c2cc(NC(=O)C(C)CCCN3CCCN(C(C)=O)CC3)n[nH]2)cc1,>,4.5228787452803365,0
ISRIWKVGGLFNBT-UHFFFAOYSA-N,COc1cccc(Cn2c(=O)[nH]c3cc(C(=O)NCCN4CCCCC4)ccc3c2=O)c1,,5.568636235841013,0
KOTAZQOZDGBEDN-UHFFFAOYSA-N,COc1ccc(-c2cc(NC(=O)CCCN3CCCCCC3)n[nH]2)cc1,>,4.499999953328897,0
RATRRVRGHOXNQU-USTOHRNASA-L,CC=CC[N+]12CCC3C4C5C(CC31)C(=CCOC5N1c3ccccc3C35CC[N+]6(CC=CC)CC7=CCOC(C(C7CC36)C15)N4c1ccccc1)C2,,4.0,0
FTPAKCBSUUBRFU-UHFFFAOYSA-N,O=C(NCCCCN1CCCCC1)Nc1ccc(-c2ccc(F)cc2)cc1,,5.236572006437063,0
CPZBLNMUGSZIPR-NVXWUHKLSA-N,O=C1c2cccc3c2C(CCC3)CN1C1CN2CCC1CC2,,9.080921907623924,1
BPPGPYJBCVXILI-UHFFFAOYSA-N,Cc1[nH]c2ccc(Cl)cc2c1C1=CCNCC1,,7.468521082957745,1
SOEFWQWHKHCTLH-BIIVWMMYSA-N,COc1cc(N)c(Cl)cc1C(=O)NC1CCN(CC2CCCCC2(O)c2cccc(O)c2)CC1OC,,6.450853717384008,1
LMGUUVWYFJIKCD-UHFFFAOYSA-N,O=C(NCCCCN1CCCCC1)Nc1ccc(-c2ccc(F)cc2)nc1,>,4.5228787452803365,0
OHXKHPFEXVDLQZ-UHFFFAOYSA-N,O=c1nc(CCCCN2CCN(c3ccc4ccccc4n3)CC2)[nH]c2c1CCCC2,,7.609064892896622,1
WFQOETMVYMINSA-UHFFFAOYSA-N,Nn1c(CCCCN2CCN(c3ccc4ccccc4n3)CC2)nc2c(c1=O)CCCC2,,8.190669404923518,1
UKZPDTRKIBHQLP-JKBBQUHLSA-L,CC(=O)OCC[N+]12CCC3C4C5C(CC31)C(=CCOC5N1c3ccccc3C35CC[N+]6(CCOC(C)=O)CC7=CCOC(C(C7CC36)C15)N4c1ccccc1)C2,>,4.0,0
RVXFERDBNJSQDX-UHFFFAOYSA-N,CN(C)c1ccnc2sc3c(SCc4ccc(Cl)cc4)ncnc3c12,,4.0,0
CQUWKHKELQQYRI-KGENOOAVSA-N,CC(=NOC(=O)Nc1ccccc1)c1cccc(-c2cccs2)c1,>,5.0,0
XVBPOYYIPRSULQ-UHFFFAOYSA-N,Nn1c(CCCCN2CCN(c3ccc4ccccc4n3)CC2)nc2c(Cl)cccc2c1=O,,7.080398976215888,1
ZLUOOMMZUAJVNO-UHFFFAOYSA-N,Fc1cnc2nc(N3CCN4CCC3CC4)oc2c1,,5.605548319173784,0
FELGMEQIXOGIFQ-UHFFFAOYSA-N,Cc1nccn1CC1CCc2c(c3ccccc3n2C)C1=O,,10.045757490560677,1
OSQNMWDGHFIAOM-UHFFFAOYSA-L,C=CC[N+](C)(C)Cc1c2n(c3ccccc13)Cc1c(C[N+](C)(C)CC=C)c3ccccc3n1C2,>,4.0,0
SPBSBKPLXWUEGQ-UHFFFAOYSA-N,Nn1c(SCCCN2CCN(c3ccc4ccccc4n3)CC2)nc2cccnc2c1=O,,7.214670164989233,1
BSCUUFDNCBQNPG-UHFFFAOYSA-N,Cc1cccc2c(=O)n(N)c(CCCCN3CCN(c4ccc5ccccc5n4)CC3)nc12,,7.806875401645538,1
OUTWSZAPEGAWEL-UHFFFAOYSA-N,COc1ccc(-c2cc(NC(=O)CCCN3CCCCC3)n[nH]2)cc1,>,4.499999953328897,0
MBYMMLFMGIPHJE-CGYIOGRBSA-L,C1=CC([N+]23CCC4C5C6C(CC42)C(=CCOC6N2c4ccccc4C46CC[N+]7(C8C=CCCC8)CC8=CCOC(C(C8CC47)C26)N5c2ccccc2)C3)CCC1,,5.378273754785196,0
BSAYMXGAHRLDCA-RTBURBONSA-N,CN1C(=O)C(CN2CCCCC2)CC1C#Cc1ccc2c(c1)CCO2,,4.300000029139089,0
YURHTDCTHANLFV-UHFFFAOYSA-N,Cc1sc2nc(SCCCN3CCN(c4ccc5c(n4)CCCC5)CC3)n(N)c(=O)c2c1C,>,7.0,1
JOJYHYRCIYAVHN-UHFFFAOYSA-N,Cc1ccc(Sc2ccccc2N2CCNCC2)c(C)c1,,7.920818753952375,1
CKLPLPZSUQEDRT-WPCRTTGESA-N,CC1Cc2c([nH]c3cc(Cl)c(F)cc23)C2(N1)C(=O)Nc1ccc(Cl)cc12,>,5.0,0
WCGCGRZZPCFDSO-UHFFFAOYSA-N,Nn1c(SCCCN2CCN(c3ccc4ccccc4n3)CC2)nc2cc([N+](=O)[O-])ccc2c1=O,>,7.0,1
ULIQGBPQLPCTAJ-UHFFFAOYSA-N,c1ccc(CSc2ncnc3nc[nH]c23)cc1,,4.5228787452803365,0
RPLWNHKGFXWLSL-UHFFFAOYSA-N,COc1ccc(-c2cc(NC(=O)CCCCN3CCOCC3)n[nH]2)cc1,>,4.5228787452803365,0
DWSOZYFSYVOVOC-UHFFFAOYSA-N,Cc1ccccc1N1CCN(C(=O)COc2ccc3[nH]cc(CCN)c3c2)CC1,>,5.0,0
POWHTVORLJYXLJ-UHFFFAOYSA-N,O=C(CCCCN1CCCCC1)Nc1cc(-c2ccc(F)cc2)[nH]n1,>,4.5228787452803365,0
KNSUADXKFTZSIZ-RTBURBONSA-N,CN1C(=O)C(CN2CCCCC2)CC1C#Cc1ccc2occc2c1,,4.0,0
XJIAFXBLMMIRJR-UHFFFAOYSA-N,Fc1ccccc1CSc1ncnc2c1oc1ccccc12,,4.0,0
WCNGVFDLZVYEJL-UHFFFAOYSA-N,Nn1c(CCCN2CCN(c3ccc4ccccc4n3)CC2)nc2c(c1=O)CCCC2,>,7.0,1
VWVPNALHKWLANG-UHFFFAOYSA-N,Cc1sc2nc(SCCCN3CCN(c4ccc5ccccc5n4)CC3)n(N)c(=O)c2c1C,,7.315154638355588,1
IJKYJDDNDXAREJ-UHFFFAOYSA-N,COC1Cc2ccccc2C2(CCN(CCCc3ccccc3)CC2)O1,>,5.0,0
CVIIPJUPHIOKNG-UHFFFAOYSA-N,CC1CCCCN1CCCNC(=O)c1ccc2c(=O)n(C3CCCCC3)c(=O)[nH]c2c1,,5.229147988357856,0
YUIBGCSVGUWIHQ-UHFFFAOYSA-L,C[N+](C)(C)Cc1c2n(c3ccccc13)Cc1c(C[N+](C)(C)C)c3ccccc3n1C2,>,4.0,0
OHGAQBAXUOYIOB-AVRWGWEMSA-N,COc1cccc(C2(O)CCCCC2CN(C)CCNC(=O)c2cc(Cl)c(N)cc2OC)c1,,5.382867937810605,0
NBYYGODJBZAJJF-WOJBJXKFSA-N,CN1C(=O)C(CN2CCCCC2)CC1C#Cc1ccc2c(ccn2C)c1,,4.600000074606178,0
GERBCOZLRREKHD-UHFFFAOYSA-N,CC1CCc2nc(CCCCN3CCN(c4ccc5ccccc5n4)CC3)n(N)c(=O)c2C1,,7.3160528692484865,1
PRICKWSOIKQPFF-UHFFFAOYSA-N,CCC1CCCCN1CCCNC(=O)c1ccc2c(=O)n(Cc3ccc(Cl)cc3)c(=O)[nH]c2c1,,5.318758762624412,0
YHOYHBANAWEKNE-UHFFFAOYSA-N,Nn1c(SCCCN2CCN(c3ccc4ccccc4n3)CC2)nc2ncccc2c1=O,,7.188424994129408,1
XJNOJISWTROLSF-UHFFFAOYSA-N,Clc1cnc2nc(N3CCN4CCC3CC4)oc2c1,,6.315154638355588,1
OPVPOKBFTBDGTR-UHFFFAOYSA-N,Nn1c(CCCCCN2CCN(c3ccc4ccccc4n3)CC2)nc2c(c1=O)CCCC2,>,7.0,1
GTIKAAJNYPWELX-UHFFFAOYSA-N,Nn1c(CCCCN2CCN(c3ccc4ccccc4n3)CC2)nc2ccccc2c1=O,,7.3400837999301505,1
FIJJTIJVCAYUQE-UHFFFAOYSA-N,O=C(NCCN1CCCCC1)c1ccc2c(=O)n(Cc3ccccc3Cl)c(=O)[nH]c2c1,,5.6777807052660805,0
DPMQWTNICFCLFP-UHFFFAOYSA-N,COc1ccc(-n2c(=O)[nH]c3cc(C(=O)NCCN4CCCCC4)ccc3c2=O)cc1,,5.795880017344076,0
XYQXSKXZFRFXOW-UHFFFAOYSA-N,Nn1c(CCN2CCN(c3ccc4ccccc4n3)CC2)nc2c(c1=O)CCCC2,>,7.0,1
YJOREKPBKODAPH-UHFFFAOYSA-N,COc1ccccc1-c1cc(NC(=O)CCCCN2CCCCC2)n[nH]1,>,4.5228787452803365,0
ATCMRGMIYIPJQT-UHFFFAOYSA-N,Fc1ccccc1-c1ccc2oc(N3CCN4CCC3CC4)nc2n1,>,5.13608262304214,0
RLQXOTMOPGYNGI-UHFFFAOYSA-N,COc1ccc(Cn2c(=O)[nH]c3cc(C(=O)NCCN4CCCCC4)ccc3c2=O)cc1,,6.096910013008057,1
RQAGIIPBHMAHTO-UHFFFAOYSA-N,CN(C)CCCn1c(=O)c(C#N)c(-c2ccccc2)c2ccccc21,,4.721246399047171,0
MNJNPLVXBISNSX-PBWFPOADSA-N,CN1C2CCC1CC(OC(=O)c1cc(Cl)cc(Cl)c1)C2,,8.161150909262744,1
KWSJSWCQZPEIPC-LQVXLWKRSA-N,CCC12CCCN3CCC4(C5CCCCC5NC4C(C(=O)OC)C1)C32,>,4.0,0
LGWFAAILRNJWJB-AWEZNQCLSA-N,O=C(NC1CN2CCC1CC2)c1ccc2ccoc2c1,,6.016824927962188,1
RZFPSYUVZCCIFI-UHFFFAOYSA-N,CCN1CCC(COc2nc3ccsc3n3cccc23)CC1,>,6.0,0
UGLUCZYCHYWOCD-UHFFFAOYSA-N,Nn1c(CCCCN2CCN(c3ccc4ccc(O)cc4n3)CC2)nc2c(c1=O)CCCC2,,7.2580609222708015,1
MLNBDGCWHJVZAI-UHFFFAOYSA-N,CC(=O)N1CCc2c(sc3nc(CCCCN4CCN(c5ccc6ccccc6n5)CC4)n(N)c(=O)c23)C1,,7.655607726314889,1
VVWIDIIMLHNFOH-SBUQLOQDSA-N,OCC=C1CN2CCC3C2CC1C1=CN2c4ccccc4C45CCN6CC7=CCOC(C(C7CC64)C25)N(c2ccccc2)C13,,5.6010296871757905,0
KINBZTGMJRQTER-UHFFFAOYSA-N,O=C(NCCN1CCOCC1)c1ccc2c(=O)n(Cc3ccc(Cl)cc3)c(=O)[nH]c2c1,,4.801342913045578,0
BFVXDLZRORZNHX-OCIDDWSYSA-N,CCC12CCCN3CCC4(C(=C(C(=O)OC)C1)Nc1ccccc14)C32,>,4.0,0
ZQZWLJUKYOXRPN-UHFFFAOYSA-N,COc1ccc2[nH]c(C)c(C3=CCNCC3)c2c1,>,6.0,0
UAMHUVZCGJSLHZ-ICRMOYGQSA-L,C[N+]12CCC34c5ccccc5N5C=C6C7CC8C9(CC[N+]8(C)CC7=CCO)c7ccccc7N(C=C(C(CC31)C(=CCO)C2)C54)C69,>,4.0,0
HSWHSJUFDDMBTI-UHFFFAOYSA-N,COc1ccccc1-c1ccc(NC(=O)NCCCCN2CCCCC2)cc1,,5.107905397309518,0
WOXCQSXEHWXACS-UHFFFAOYSA-N,Nn1c(CCCCN2CCN(c3nc4ccccc4c4c3CCCC4)CC2)nc2c(c1=O)CCCC2,>,7.0,1
JRKIQFPYQPIURM-UHFFFAOYSA-N,O=C(NCCN1CCCCC1)c1ccc2c(=O)n(Cc3ccccc3F)c(=O)[nH]c2c1,,5.6777807052660805,0
DFBQTBNRGSIKHN-UHFFFAOYSA-N,O=C(NCCCCN1CCCCC1)Nc1ccc(-c2ccc(F)nc2)nc1,>,4.5228787452803365,0
ZPUAIXYROPYWKA-UHFFFAOYSA-N,COc1ccc(S(=O)(=O)n2cc(C)c3cc(Cl)ccc32)cc1NC1CCN(C)CC1,>,5.0,0
IQKPITCNSNNYNB-UHFFFAOYSA-N,Cc1sc2nc(SCCCN3CCN(c4nc5ccccc5c5ccccc45)CC3)n(N)c(=O)c2c1C,>,7.0,1
AFLJKKMTBWNZFE-AWEZNQCLSA-N,O=C(NC1CN2CCC1CC2)c1ccc2ccsc2c1,,6.72584215073632,1
SSRDSYXGYPJKRR-ZDUSSCGKSA-N,O=C(NC1CN2CCC1CC2)c1cc2cccc(Cl)c2s1,,6.52432881167557,1
VJRGAGPCQUZOLU-UHFFFAOYSA-N,O=C(NCCN1CCCC1)c1ccc2c(=O)n(Cc3ccc(Cl)cc3)c(=O)[nH]c2c1,,5.1249387366083,0
SJGFHXJCUGAPEE-FSEYQHDASA-L,C[N+]12CCC3C4C(=CN5c6ccccc6C67CC[N+]8(C)CC9=CCOC(C(C9CC68)C57)N4c4ccccc4)C(CC31)C(=CCO)C2,,5.38837544782934,0
CXDMUUBLDHSHNL-AWEZNQCLSA-N,O=C(NC1CN2CCC1CC2)c1ccc2occc2c1,,6.236572006437062,1
YKQRXGQZAGVEJY-UHFFFAOYSA-N,O=C(NCCN1CCCCC1)c1ccc2c(=O)n(Cc3cccc(F)c3)c(=O)[nH]c2c1,,5.619788758288393,0
IWAHUQRZIUVMSG-UHFFFAOYSA-N,O=C(NCCCN1CCCCC1)c1ccc2c(=O)n(Cc3ccc(Cl)cc3)c(=O)[nH]c2c1,,5.2441251443275085,0
HCBWAWNFHVHMOV-UHFFFAOYSA-N,COc1ccccc1-c1ccc(NC(=O)NCCCCN2CCCCC2)cn1,>,4.5228787452803365,0
ASIIZNZQUBPOJQ-UHFFFAOYSA-N,Nn1c(CCCCN2CCN(c3ccc4ccccc4n3)CC2)nc2cccc(Cl)c2c1=O,>,7.0,1
MDDLXKDIADSAQA-UHFFFAOYSA-N,Nn1c(SCCCN2CCN(c3ccc4ccccc4n3)CC2)nc2sc3c(c2c1=O)CCNC3,,7.0,1
RZZAEVQHACUOGI-UHFFFAOYSA-N,COC1OC2(CCN(Cc3ccccc3)CC2)c2ccccc21,>,5.0,0
VKXYLXZLODSKCD-QZTJIDSGSA-N,CN1C(=O)C(CN2CCCCC2)CC1C#Cc1ccccc1,,3.6000000054478725,0
BJPAAUARTYANJL-UHFFFAOYSA-N,COC(=O)c1c(-c2ccc(F)cc2)c(-c2ccncc2)c(N2CCNCC2)n1C,,6.560667306169737,1
MPEGWVZSANJAMN-UHFFFAOYSA-N,Cc1sc2nc(SCCCN3CCN(c4nc5ccccc5nc4-c4ccccc4)CC3)n(N)c(=O)c2c1C,>,7.0,1
ILPANLYEJQKXKY-UHFFFAOYSA-N,CN(C)Cc1nc(-c2ccc(C(C)(C)C)cc2)n(-c2cccc(O)c2)n1,>,5.0,0
VTHVGLORMDHGGF-UHFFFAOYSA-N,Nn1c(CCCCN2CCN(c3nc4ccccc4c4c3CCC4)CC2)nc2c(c1=O)CCCC2,>,7.0,1
PYVYQZKNFYHFNG-XSHQRCBMSA-L,Brc1ccc(C[N+]23CCC4C5C6C(CC42)C(=CCOC6N2c4ccccc4C46CC[N+]7(Cc8ccc(Br)cc8)CC8=CCOC(C(C8CC47)C26)N5c2ccccc2)C3)cc1,,4.5114393493046165,0
MMXFWZCBTFHARB-UHFFFAOYSA-N,O=C(NCCCCN1CCCCC1)Nc1ccc(-c2ccccn2)cc1,>,4.5228787452803365,0
OMACXBJTMXFHCQ-UHFFFAOYSA-N,CC(=O)N1CCc2c(sc3nc(SCCCN4CCN(c5ccc6ccccc6n5)CC4)n(N)c(=O)c23)C1,,7.110138278741813,1
HOABLJVFGVOCMM-UHFFFAOYSA-N,Cc1sc2nc(SCCCN3CCN(c4ccccn4)CC3)n(N)c(=O)c2c1C,>,7.0,1
ZNOMCTSKVJJIMN-UHFFFAOYSA-N,Nn1c(CCCCN2CCN(c3ccc4ccccc4n3)CC2)nc2c(c1=O)CC(O)CC2,,7.3325470471100465,1
LKMWIEHGNOUIAH-UHFFFAOYSA-N,COc1ccc(-c2cc(NC(=O)CCCCN3CCCN(C(C)=O)CC3)n[nH]2)cc1,>,4.5228787452803365,0
BGJJEMSVLGIVLI-UHFFFAOYSA-N,COc1ccc(-c2cc(NC(=O)CCCCN3CCCCC3)n[nH]2)cc1,>,4.5228787452803365,0
UIJIQXGRFSPYQW-UHFFFAOYSA-N,CSc1ncnc2nc[nH]c12,,4.0,0
XKRVOMXWYNEPTN-UHFFFAOYSA-N,COc1ccccc1Cn1c(=O)[nH]c2cc(C(=O)NCCN3CCCCC3)ccc2c1=O,,5.853871964321763,0
RSUQRWJJGYXXCP-UHFFFAOYSA-N,Cc1cccc2nc(CCCCN3CCN(c4ccc5ccccc5n4)CC3)n(N)c(=O)c12,>,7.0,1
AJTVQZWUKUPHIP-UHFFFAOYSA-N,Cc1ccc(NC(=O)c2cc(-c3ccccc3)c(N3CCOCC3)s2)c(C)c1,,6.0,0
LLZLRXCVMYYKBH-UHFFFAOYSA-N,O=c1[nH]c(SCCCN2CCN(c3ccc4ccccc4n3)CC2)nc2sc3c(c12)CCCC3,,7.354577730650908,1
BGMSTNYJYPSLHN-UHFFFAOYSA-N,c1ccc2c(CSc3ncnc4nc[nH]c34)cccc2c1,,5.886056647693162,0
CZWQBSKNHUVZLI-UHFFFAOYSA-N,c1ccc(Cc2ncc3c(n2)CCNCC3)cc1,,5.638272163982407,0
QZHACJCMCCGZRU-UHFFFAOYSA-N,Cc1cc(N2CCN(CCCCc3nc4c(c(=O)n3N)CCCC4)CC2)nc2ccccc12,,7.228412519118745,1
FALASSBEVXPICK-UHFFFAOYSA-N,CCCn1c(=O)[nH]c2cc(C(=O)NCCN3CCCCC3)ccc2c1=O,,5.657577319177793,0
YMGCQAHDDYCKLB-UHFFFAOYSA-N,CC1CCCCN1CCCNC(=O)c1ccc2c(=O)n(Cc3ccc(Cl)cc3)c(=O)[nH]c2c1,,4.935542010773082,0
JIWMRJSKGUAANW-UHFFFAOYSA-N,Nn1c(SCCCN2CCN(c3ccc4ccccc4n3)CC2)nc2sc3c(c2c1=O)CCCC3,,7.382999658879101,1
