base_rdkit_smiles,compound_name,pIC50,relation,active
CC(C)COCC(CN(Cc1ccccc1)c1ccccc1)N1CCCC1,CHEMBL1008,4.783570169123749,>,1
CN(C)[C@@H]1C(O)=C(C(N)=O)C(=O)[C@@]2(O)C(O)=C3C(=O)c4c(O)cccc4[C@@](C)(O)C3CC12,CHEMBL198,3.0,<,0
C[C@]12C[C@H](O)[C@@]3(F)C(CCC4=CC(=O)C=C[C@@]43C)C1C[C@@H](O)[C@]2(O)C(=O)CO,CHEMBL3039453,3.627824713884936,,1
Nc1nc2cc(Cl)ccc2o1,CHEMBL472566,3.0,<,0
CCCCNc1ccc(C(=O)OCCN(C)C)cc1,CHEMBL698,3.2899673009342463,,1
COc1cc([C@@H]2c3cc4c(cc3[C@@H](O[C@@H]3O[C@@H]5CO[C@@H](C)O[C@H]5[C@H](O)[C@H]3O)[C@H]3COC(=O)[C@H]23)OCO4)cc(OC)c1O,CHEMBL44657,3.8761483590329133,<,0
CC(=O)[C@H]1[C@H](C#N)C[C@H]2[C@@H]3CC=C4CC(O)CC[C@]4(C)[C@H]3CC[C@@]21C,CHEMBL4063685,3.8761483590329133,<,0
Nc1nc(NCCN2CCOCC2)nc2nc(-c3ccco3)nn12,CHEMBL4081477,3.0,<,0
CC(=O)NC[C@H]1CN(c2cc(F)c(C3=CCN(C(=O)CO)CC3)c(F)c2)C(=O)O1,CHEMBL4085547,3.0,<,0
NS(=O)(=O)c1cc2c(cc1C(F)(F)F)NC(Cc1ccccc1)NS2(=O)=O,CHEMBL1684,4.1577028656719355,,1
CCCc1nc(C(C)(C)O)c(C(=O)OCc2oc(=O)oc2C)n1Cc1ccc(-c2ccccc2-c2nnn[nH]2)cc1,CHEMBL1200692,5.325138859262188,,1
NCCCC[C@H](N[C@@H](CCc1ccccc1)C(=O)O)C(=O)N1CCC[C@H]1C(=O)O,CHEMBL1237,3.8761483590329133,<,0
N[C@H](Cc1cc(I)c(Oc2cc(I)c(O)c(I)c2)c(I)c1)C(=O)[O-],CHEMBL1200777,5.0,>,1
CNCC(O)c1ccc(O)cc1,CHEMBL33720,3.0,<,0
CC1(COc2ccc(CC3SC(=O)NC3=O)cc2)CCCCC1,CHEMBL7002,4.422508200162776,,1
COc1cc([C@@H]2c3cc4c(cc3[C@@H](O[C@@H]3O[C@@H]5CO[C@@H](c6cccs6)O[C@H]5[C@H](O)[C@H]3O)[C@H]3COC(=O)[C@H]23)OCO4)cc(OC)c1O,CHEMBL452231,3.8761483590329133,<,0
C#C[C@]1(O)C=C[C@H]2[C@@H]3CCC4=CC(=O)CC[C@@H]4[C@H]3CC[C@@]21CC,CHEMBL1213583,3.8761483590329133,<,0
CCN(CC)CCNC(=O)c1ccc(N)cc1,CHEMBL640,3.8761483590329133,<,0
CCN(CC)CCNC(=O)c1ccc(NS(C)(=O)=O)cc1,CHEMBL95804,3.0,<,0
Nc1cc(-c2ccncc2)c[nH]c1=O,CHEMBL12856,3.4303852022786874,,1
Cc1ccc(Nc2c(F)cccc2Cl)c(CC(=O)O)c1,CHEMBL404108,3.8761483590329133,<,0
O=C(O)CCNC(=O)c1ccccc1,CHEMBL1231530,3.8761483590329133,<,0
C[C@](O)(C(=O)Nc1ccc(C(=O)c2ccccc2)cc1)C(F)(F)F,CHEMBL18861,4.669789215428471,,1
Cc1ccc(NC(=O)c2cccc3c2oc2ccccc23)cc1NC(=O)c1cccc(CN2CCN(C)CC2)c1,CHEMBL4084846,5.0,>,1
N=C(N)NCCC[C@H](NC(=O)[C@@H]1CCCN1C(=O)[C@@H]1CSSC[C@H](N)C(=O)N[C@@H](Cc2ccc(O)cc2)C(=O)N[C@@H](Cc2ccccc2)C(=O)N[C@@H](CCC(N)=O)C(=O)N[C@@H](CC(N)=O)C(=O)N1)C(=O)NCC(N)=O,CHEMBL373742,3.8761483590329133,<,0
CCN1CCN(C(=O)N[C@@H](C(=O)N[C@@H]2C(=O)N3[C@@H](C(=O)[O-])C(C)(C)S[C@H]23)c2ccccc2)C(=O)C1=O,CHEMBL1200820,3.8761483590329133,<,0
CN1CCN(CC(=O)N2c3ccccc3C(=O)Nc3cccnc32)CC1,CHEMBL9967,3.0,<,0
Cc1ccc(S(=O)(=O)NC(=O)NN2CC3CCCC3C2)cc1,CHEMBL427216,3.071407478318245,,1
O=C(O)Cc1ccccc1Oc1ccc(Cl)cc1Cl,CHEMBL15677,3.6276404174756767,,1
CC(O)(P(=O)([O-])O)P(=O)([O-])O,CHEMBL1201042,3.8761483590329133,<,0
CC[C@H](C)[C@@H]1NC(=O)[C@H](Cc2ccc(O)cc2)NC(=O)[C@@H](N)CSSC[C@@H](C(=O)N2CCC[C@H]2C(=O)N[C@@H](CC(C)C)C(=O)NCC(N)=O)NC(=O)[C@H](CC(N)=O)NC(=O)[C@H](CCC(N)=O)NC1=O,CHEMBL3185709,3.8761483590329133,<,0
Cc1ccc2c(c1)c(-c1ccnc3c(C)cccc13)c(C)n2CC(=O)O,CHEMBL209689,5.0,>,1
CC1(C)[C@H](C(=O)O)N2C(=O)C[C@H]2S1(=O)=O,CHEMBL403,3.8761483590329133,<,0
Nc1nc(O)c2ncn(COCCO)c2n1,CHEMBL184,3.0,<,0
O=C(NO)C(CCc1ccccc1)CS(=O)(=O)N1CCN(c2ccc(F)cc2)CC1,CHEMBL4100888,5.0,>,1
COc1cc(C(=O)N2CCOCC2)cc(OC)c1OC,CHEMBL1697853,3.0,<,0
CC1(C)O[C@@H]2C[C@H]3[C@@H]4CCC5=CC(=O)C=C[C@]5(C)[C@@]4(F)[C@@H](O)C[C@]3(C)[C@]2(C(=O)CO)O1,CHEMBL1504,3.8761483590329133,<,0
Cc1ccnc(NS(=O)(=O)c2ccc(N)cc2)n1,CHEMBL438,3.0,<,0
OCc1ccccc1O[C@@H]1O[C@H](CO)[C@@H](O)[C@H](O)[C@H]1O,CHEMBL462997,3.0,<,0
CCN1CCCC1CNC(=O)c1cc(S(=O)(=O)CC)c(N)cc1OC,CHEMBL243712,3.8761483590329133,<,0
COc1ccc2cc(C(C)CO)ccc2c1,CHEMBL4078616,4.010639186223752,,1
Cc1cccc(C)c1CNc1cc(C(=O)NCCO)cn2c(C)c(C)nc12,CHEMBL497011,5.0,>,1
O=C(c1ccc(F)cc1)C1CCN(CCn2c(=O)[nH]c3ccccc3c2=O)CC1,CHEMBL51,3.8761483590329133,<,0
CC[C@H](C)C(=O)O[C@H]1C[C@H](O)C=C2C=C[C@H](C)[C@H](CC[C@@H](O)C[C@@H](O)CC(=O)[O-])[C@H]21,CHEMBL690,3.8761483590329133,<,0
CCCCCC(C)(O)/C=C/[C@H]1[C@H](O)C[C@H](O)[C@@H]1C/C=C\CCCC(=O)O,CHEMBL4059601,3.483200295918375,,1
Oc1ccc(C(O)CNCCCCCCNCC(O)c2ccc(O)c(O)c2)cc1O,CHEMBL1589896,3.0,<,0
Cc1ccc(CCCN[C@H](C)CO)cc1C(=O)NCC12CC3CC(CC(C3)C1)C2,CHEMBL4088943,4.183361055101538,,1
NNc1nnc(NN)c2ccccc12,CHEMBL35505,3.0,<,0
CN1[C@H]2CC[C@@H]1C[C@H](OC(c1ccccc1)c1ccccc1)C2,CHEMBL1201203,3.72445831159869,,1
C[C@H]1C[C@H]2[C@@H]3CCC4=CC(=O)C=C[C@]4(C)[C@@]3(Cl)[C@@H](O)C[C@]2(C)[C@@]1(O)C(=O)CO,CHEMBL1586,4.806482258682873,,1
Cc1cn([C@@H]2C[C@@H](O)[C@H](CO)O2)c(=O)[nH]c1=O,CHEMBL374731,3.8761483590329133,<,0
CCCc1c2nc(C(=O)O)cc(NC)c2cc2c(=O)cc(C(=O)O)oc12,CHEMBL1207579,3.0,<,0
CC(=O)CC(c1ccccc1)c1c(O)c2ccccc2oc1=O,CHEMBL1464,3.9381706927053006,,1
CC(SC(=O)c1cccs1)C(=O)NCC(=O)O,CHEMBL2107531,3.8761483590329133,<,0
CC1CCCC(C)N1NC(=O)c1ccc(Cl)c(S(N)(=O)=O)c1,CHEMBL1361347,3.8761483590329133,<,0
CC1CC(OC(=O)C(O)c2ccccc2)CC(C)(C)C1,CHEMBL1480987,4.823041019413092,,1
CN(C/C=C/C#CC(C)(C)C)Cc1cccc2ccccc12,CHEMBL1200832,3.8761483590329133,<,0
CCCCOCCOCCOCc1cc2c(cc1CCC)OCO2,CHEMBL1201131,5.0,>,1
C[C@]12CC(=O)[C@H]3[C@@H](CCC4=CC(=O)CC[C@@]43C)[C@@H]1CC[C@]2(O)C(=O)CO,CHEMBL1499,3.96617430604669,,1
CC(C)C(=O)OCC(=O)[C@@]12O[C@H](C3CCCCC3)O[C@@H]1C[C@H]1[C@@H]3CCC4=CC(=O)C=C[C@]4(C)[C@H]3[C@@H](O)C[C@@]12C,CHEMBL2040682,3.8761483590329133,<,0
CC(C)(C)NC(=O)[C@@H]1CN(Cc2cccnc2)CCN1C[C@@H](O)C[C@@H](Cc1ccccc1)C(=O)N[C@H]1c2ccccc2C[C@H]1O,CHEMBL115,4.673664139071248,,1
CCCCc1oc2ccccc2c1C(=O)c1cc(I)c(OCCN(CC)CC)c(I)c1,CHEMBL633,4.671034634926369,,1
CCC1(C)CC(=O)NC1=O,CHEMBL696,3.0,<,0
C[C@]12CC[C@H]3[C@@H](CC[C@H]4NC(=O)C=C[C@]34C)[C@@H]1CC[C@@H]2C(=O)Nc1cc(C(F)(F)F)ccc1C(F)(F)F,CHEMBL1200969,4.525783735923745,,1
CC(C)(S)[C@@H](N)C(=O)O,CHEMBL1430,3.0,<,0
COCC1=C(C(=O)OC(C)OC(=O)OC(C)C)N2C(=O)[C@@H](NC(=O)/C(=N\OC)c3csc(N)n3)[C@H]2SC1,CHEMBL1201016,4.087777943467585,,1
COc1ncnc(NS(=O)(=O)c2ccc(N)cc2)c1OC,CHEMBL1539,3.0,<,0
C[C@H]1C[C@H]2[C@@H]3CC[C@](O)(C(=O)CO)[C@@]3(C)C[C@H](O)[C@@H]2[C@@]2(C)C=CC(=O)C=C12,CHEMBL650,4.033177457455519,,1
O=C(O)c1cc2cc(O)ccc2n1Cc1ccc(Cl)c(Cl)c1,CHEMBL376981,4.302421966348886,,1
COc1cccc([C@]2(O)CCCC[C@H]2CN(C)C)c1,CHEMBL4059722,3.8761483590329133,<,0
CN1C(=O)CC(=O)N(c2ccccc2)c2cc(Cl)ccc21,CHEMBL70418,3.8761483590329133,<,0
O=C(NCCNCC(O)COc1ccc(O)cc1)N1CCOCC1,CHEMBL75753,3.8761483590329133,<,0
CCN(CC)C(=S)SSC(=S)N(CC)CC,CHEMBL964,4.438074197530259,,1
CNC(=O)c1cc(Oc2ccc(NC(=O)Nc3ccc(Cl)c(C(F)(F)F)c3)cc2)ccn1,CHEMBL1336,5.119442680671792,,1
CC(C)(Oc1ccc(CCNC(=O)c2ccc(Cl)cc2)cc1)C(=O)O,CHEMBL264374,3.6889377700353396,,1
O=P1(N(CCCl)CCCl)NCCCO1,CHEMBL88,3.8761483590329133,<,0
C=CC1=C(C(=O)O)N2C(=O)[C@@H](NC(=O)/C(=N\O)c3csc(N)n3)[C@H]2SC1,CHEMBL927,3.8761483590329133,<,0
CN1[C@H]2CC[C@@H]1C[C@H](OC(=O)C(O)c1ccccc1)C2,CHEMBL1618018,3.0,<,0
CCC1(c2ccc(N)cc2)CCC(=O)NC1=O,CHEMBL488,3.0,<,0
O=c1[nH]c(=O)n([C@H]2C[C@H](O)[C@@H](CO)O2)cc1C(F)(F)F,CHEMBL1129,3.0,<,0
CN(C)CCN(Cc1cccs1)c1ccccn1,CHEMBL1411979,3.0,<,0
O=CN(O)C(CCCc1ncccn1)CS(=O)(=O)N1CCC(Oc2ccc(Cl)cn2)CC1,CHEMBL4095590,5.0,>,1
CCCCCCCCCCCCCCCCCCCCCCO,CHEMBL1200453,3.0,<,0
CC(C)[C@H](N)C(=O)OCCOCn1cnc2c(=O)nc(N)[nH]c21,CHEMBL1201110,3.8761483590329133,<,0
Nc1nc(=O)c2nc(CNc3ccc(C(=O)N[C@@H](CCC(=O)O)C(=O)O)cc3)cnc2[nH]1,CHEMBL1622,3.0,<,0
CS(=O)(=O)Nc1ccc([N+](=O)[O-])cc1Oc1ccccc1,CHEMBL56367,3.8761483590329133,<,0
COC(=O)[C@@H]1CC2=CC(=O)CC[C@]2(C)[C@@]23O[C@@H]2C[C@@]2(C)[C@@H](CC[C@@]24CCC(=O)O4)[C@H]13,CHEMBL1095097,3.8761483590329133,<,0
Cc1cccc(Nc2cc(Cl)nc(SCC(=O)O)n2)c1C,CHEMBL295416,4.064651771005375,,1
C[C@@](O)(CS(=O)(=O)c1ccc(F)cc1)C(=O)Nc1ccc(C#N)c(C(F)(F)F)c1,CHEMBL124881,5.0,>,1
CC(Cc1ccccc1)(NC(=O)CN)c1ccccc1,CHEMBL25843,3.540456741719587,,1
COc1ccccc1N1CCN(CC(O)COc2cccc3ccccc23)CC1,CHEMBL142635,5.0,>,1
O=CN(O)C(CCc1cccnc1)CS(=O)(=O)N1CCC(Oc2ccc(Cl)cn2)CC1,CHEMBL4103444,5.0,>,1
CSCCNc1nc(SCCC(F)(F)F)nc2c1ncn2[C@@H]1O[C@H](COP(=O)(O)OP(=O)(O)C(Cl)(Cl)P(=O)(O)O)[C@@H](O)[C@H]1O,CHEMBL334966,3.0,<,0
CCOC(=O)C(CCc1ccccc1)NC1CCc2ccccc2N(CC(=O)O)C1=O,CHEMBL1604571,4.1257501772215965,,1
N=C1NCCC(C2NC(=O)/C(=C/NC(N)=O)NC(=O)C(CNC(=O)CC(N)CCCN)NC(=O)C(CO)NC(=O)C(N)CNC2=O)N1,CHEMBL1201252,3.0,<,0
CCN(CC)CCOC(=O)C(Cc1cccc2ccccc12)CC1CCCO1,CHEMBL1620794,4.95703092660682,>,1
O=C(O[C@H]1C[N+]2(CCCOc3ccccc3)CCC1CC2)C(O)(c1cccs1)c1cccs1,CHEMBL1194325,3.895854449445992,,1
CC(Cc1ccc(O)cc1)NCC(O)c1cc(O)cc(O)c1,CHEMBL32800,3.0,<,0
CC[C@H]1OC(=O)[C@H](C)[C@@H](O[C@H]2C[C@@](C)(OC)[C@@H](O)[C@H](C)O2)[C@H](C)[C@@H](O[C@@H]2O[C@H](C)C[C@H](N(C)C)[C@H]2O)[C@](C)(O)C[C@@H](C)C(=O)[C@H](C)[C@@H](O)[C@]1(C)O,CHEMBL1200476,4.364506078370732,,1
Nc1nnc(-c2cccc(Cl)c2Cl)c(N)n1,CHEMBL741,3.8761483590329133,<,0
Cn1cc[nH]c1=S,CHEMBL1515,3.0,<,0
O=CN(O)C(CCCc1ncccn1)CS(=O)(=O)N1CCN(c2ccc(F)cc2)CC1,CHEMBL4063749,4.784626847216578,>,1
OCCOCCN1CCN(C2=Nc3ccccc3Sc3ccccc32)CC1,CHEMBL3188993,3.8761483590329133,<,0
CCCCNC(=O)c1ccc(Oc2ccc(CC(=O)O)cc2OC)c(NS(=O)(=O)c2ccc(Cl)cc2Cl)c1,CHEMBL589973,4.939302159646387,,1
CC(=O)Oc1cccc2c1C(=O)c1c(OC(C)=O)cc(C(=O)O)cc1C2=O,CHEMBL41286,3.8761483590329133,<,0
CCCCCCCCCCC[C@@H](C[C@@H]1OC(=O)[C@H]1CCCCCC)OC(=O)[C@H](CC(C)C)NC=O,CHEMBL175247,3.8761483590329133,<,0
CNCCCC12CCC(c3ccccc31)c1ccccc12,CHEMBL21731,3.8761483590329133,<,0
CCc1nc(N)nc(N)c1-c1ccc(Cl)cc1,CHEMBL36,3.6987529113637887,,1
CO[C@H]1O[C@@H]2O[C@@]3(C)CC[C@H]4[C@H](C)CC[C@@H]([C@H]1C)[C@]42OO3,CHEMBL566534,3.8761483590329133,<,0
NC(=O)OCC(COC(N)=O)c1ccccc1,CHEMBL1094,3.0,<,0
NS(=O)(=O)c1cc2c(cc1C(F)(F)F)NCNS2(=O)=O,CHEMBL1763,3.0,<,0
Clc1ccc2c(c1)C(N1CCNCC1)=Nc1ccccc1O2,CHEMBL1113,3.627732404449228,,1
O=c1[nH]c2cc(Cl)ccc2o1,CHEMBL1371,3.8761483590329133,<,0
CC1(C)Oc2ccc(C#N)cc2[C@@H](N2CCCC2=O)[C@@H]1O,CHEMBL100,3.4518563625651537,,1
CC[C@H]1CN2CCc3cc(OC)c(OC)cc3[C@@H]2C[C@@H]1C[C@H]1NCCc2cc(OC)c(OC)cc21,CHEMBL50588,3.8761483590329133,<,0
CCOC(N)=O,CHEMBL462547,3.0,<,0
CN(C)CCCN1c2ccccc2CCc2ccccc21,CHEMBL11,3.8761483590329133,<,0
CNCCC=C1c2ccccc2CCc2ccccc21,CHEMBL445,3.8761483590329133,<,0
c1ccc2c(c1)sc1ccccc12,CHEMBL219828,3.4112802203999437,,1
CC1(C)S[C@@H]2[C@H](NC(=O)Cc3ccccc3)C(=O)N2[C@H]1C(=O)O,CHEMBL29,5.0,>,1
OC[C@H]1O[C@@H](n2cnc3c2N=CNC[C@H]3O)C[C@@H]1O,CHEMBL1580,3.8761483590329133,<,0
CC(=O)NCCCCCCNC(C)=O,CHEMBL291481,3.0,<,0
N[C@@H](C(=O)N[C@@H]1C(=O)N2C(C(=O)O)=C(Cl)CS[C@H]12)c1ccccc1,CHEMBL680,3.8761483590329133,<,0
O=C([O-])CCC/C=C\CC1C(O)CC(O)C1/C=C/C(O)COc1cccc(Cl)c1,CHEMBL2218867,3.8761483590329133,<,0
CO[C@H]1/C=C/O[C@@]2(C)Oc3c(C)c(O)c4c(O)c(c(/C=N/N5CCN(C)CC5)c(O)c4c3C2=O)NC(=O)/C(C)=C\C=C\[C@H](C)[C@H](O)[C@@H](C)[C@@H](O)[C@@H](C)[C@H](OC(C)=O)[C@@H]1C,CHEMBL374478,4.717209726907112,,1
O=[N+]([O-])c1cc([As](=O)(O)O)ccc1O,CHEMBL1321154,3.0,<,0
CN(C(=O)CN(CCO)CC(=O)N(C)C(C)(C)Cc1ccccc1)C(C)(C)Cc1ccccc1,CHEMBL127592,5.0,>,1
COc1ccc(CN(CCN(C)C)c2ccccn2)cc1,CHEMBL511,3.0,<,0
CC(=O)O[C@H]1C[C@@H]2CC[C@@H]3[C@H](CC[C@@]4(C)[C@H]3C[C@H]([N+]3(C)CCCCC3)[C@@H]4OC(C)=O)[C@@]2(C)C[C@@H]1[N+]1(C)CCCCC1,CHEMBL1200757,3.8761483590329133,<,0
CCC(=O)N(c1ccccc1)C1(COC)CCN(CCn2nnn(CC)c2=O)CC1,CHEMBL634,3.8761483590329133,<,0
c1cc(CN2CCCNCCNCCCNCC2)ccc1CN1CCCNCCNCCCNCC1,CHEMBL18442,3.8761483590329133,<,0
CC[C@]1(O)C[C@H]2CN(CCc3c([nH]c4ccccc34)[C@@](C(=O)OC)(c3cc4c(cc3OC)N(C)[C@H]3[C@@](O)(C(=O)OC)[C@H](OC(C)=O)[C@]5(CC)C=CCN6CC[C@]43[C@@H]65)C2)C1,CHEMBL22969,3.8761483590329133,<,0
Cc1ccccc1C(=O)Nc1ccc(C(=O)N2CCCC(O)c3cc(Cl)ccc32)c(C)c1,CHEMBL344159,5.000434511774016,,1
Cc1ccc(-c2ncc(Cl)cc2-c2ccc(S(C)(=O)=O)cc2)cn1,CHEMBL416146,4.310437926964804,,1
CC1CCN(CCCC(=O)c2ccc(F)cc2)CC1,CHEMBL1531134,3.8761483590329133,<,0
CCN(CC)CCNC(=O)c1cc(Br)c(N)cc1OC,CHEMBL399510,3.8761483590329133,<,0
CC(=O)CCCCn1c(=O)c2c(ncn2C)n(C)c1=O,CHEMBL628,3.8761483590329133,<,0
N[C@@H](CC(=O)N1CCn2c(nnc2C(F)(F)F)C1)Cc1cc(F)c(F)cc1F,CHEMBL1422,3.7479788829464553,,1
C=C1CC[C@H](O)C/C1=C/C=C1\CCC[C@@]2(C)[C@H]1CC[C@@H]2[C@H](C)/C=C/[C@H](C)C(C)C,CHEMBL1536,4.120330794367947,,1
O=C(NC[C@H]1CN(c2ccc(N3CCOCC3=O)cc2)C(=O)O1)c1ccc(Cl)s1,CHEMBL198362,3.8761483590329133,<,0
CCCc1c2c(c(O)c3c(=O)cc(C(=O)O)oc13)CCCC2,CHEMBL42641,4.5228787452803365,,1
O=c1[nH]c(=O)n([C@H]2CCCO2)cc1F,CHEMBL235993,3.8761483590329133,<,0
O=C(O)CCc1nc(-c2ccccc2)c(-c2ccccc2)o1,CHEMBL1071,3.8761483590329133,<,0
CC(COc1ccccc1)NC(C)C(O)c1ccc(O)cc1,CHEMBL1197051,3.2422245089880737,,1
Cc1onc(-c2ccccc2)c1C(=O)N[C@@H]1C(=O)N2[C@@H](C(=O)[O-])C(C)(C)S[C@H]12,CHEMBL693,3.8761483590329133,<,0
N[C@@H](Cc1ccc(N(CCCl)CCCl)cc1)C(=O)O,CHEMBL852,3.9026498540502526,,1
CO/N=C(\C(=O)N[C@@H]1C(=O)N2C(C(=O)O)=C(CSc3nc(=O)c(=O)[nH]n3C)CS[C@H]12)c1csc(N)n1,CHEMBL4101392,3.8761483590329133,<,0
CCCc1ncc(-c2ccnc(Nc3ccc(S(=O)(=O)NCCOC)cc3)n2)n1CC,CHEMBL4090176,5.0,>,1
NCCCC[C@H](NC(=O)[C@@H]1CCCN1C(=O)[C@@H]1CSSC[C@H](NC(=O)CNC(=O)CNC(=O)CN)C(=O)N[C@@H](Cc2ccc(O)cc2)C(=O)N[C@@H](Cc2ccccc2)C(=O)N[C@@H](CCC(N)=O)C(=O)N[C@@H](CC(N)=O)C(=O)N1)C(=O)NCC(N)=O,CHEMBL4088899,3.8761483590329133,<,0
CN1[C@@H]2CC[C@@H]1CC(OC(=O)C(CO)c1ccccc1)C2,CHEMBL195,3.8761483590329133,<,0
CCCCCCCCCCCCc1ccc(S(=O)(=O)Nc2nncs2)cc1,CHEMBL595583,4.676954264518298,,1
CC(C)Cc1ccc(C(C)C(=O)O)cc1,CHEMBL521,3.1102165377478106,,1
CN(C)CCC=C1c2ccccc2CCc2ccccc21,CHEMBL629,3.8761483590329133,<,0
COc1ccc(CCN2CCC(Nc3nc4ccccc4n3Cc3ccc(F)cc3)CC2)cc1,CHEMBL296419,4.636054607855954,,1
COc1ccccc1OCC(O)CO,CHEMBL980,3.0,<,0
CN(C)c1cc(NC(=O)CNC(C)(C)C)c(O)c2c1C[C@H]1C[C@H]3[C@H](N(C)C)C(O)=C(C(N)=O)C(=O)[C@@]3(O)C(O)=C1C2=O,CHEMBL376140,3.8761483590329133,<,0
CCCc1ccc(OCC(C)O)c2c(=O)cc(C(=O)O)oc12,CHEMBL4089180,3.5676722077383967,,1
CC(C)c1c(C(=O)Nc2ccccc2)c(-c2ccccc2)c(-c2ccc(F)cc2)n1CC[C@@H](O)C[C@@H](O)CC(=O)[O-],CHEMBL393220,4.886056647693163,,1
CC(CCC(=O)O)C1CCC2C3C(=O)CC4CC(=O)CCC4(C)C3CC(=O)C12C,CHEMBL4093171,3.6942188487450176,,1
O=C(CCCCC(=O)Nc1c(I)cc(I)c(C(=O)O)c1I)Nc1c(I)cc(I)c(C(=O)O)c1I,CHEMBL1200504,3.0132730406687815,<,0
COc1cc(C(C)=O)ccc1OCCCN1CCC(c2noc3cc(F)ccc23)CC1,CHEMBL14376,4.6307841425898575,,1
O=CN(O)C(CCc1ccccc1)CS(=O)(=O)N1CCN(c2ccc(Cl)cn2)CC1,CHEMBL4085973,5.0,>,1
CCCCNc1ccc(C(=O)OCCOCCOCCOCCOCCOCCOCCOCCOCCOC)cc1,CHEMBL1374379,5.0,>,1
O=C1c2ccccc2CN2C(=O)c3ccccc3CN12,CHEMBL1536675,3.0,<,0
CN1[C@H]2C[C@@H](OC(=O)[C@H](CO)c3ccccc3)C[C@@H]1[C@H]1O[C@@H]21,CHEMBL4065982,3.8761483590329133,<,0
CC(C)[C@@H]1NC(=O)[C@H](C)OC(=O)[C@@H](C(C)C)NC(=O)[C@@H](C(C)C)OC(=O)[C@H](C(C)C)NC(=O)[C@H](C)OC(=O)[C@@H](C(C)C)NC(=O)[C@@H](C(C)C)OC(=O)[C@H](C(C)C)NC(=O)[C@H](C)OC(=O)[C@@H](C(C)C)NC(=O)[C@@H](C(C)C)OC1=O,CHEMBL223643,5.8013777094948065,,1
CS(=O)(=O)N1CCN(Cc2cc3nc(-c4cccc5[nH]ncc45)nc(N4CCOCC4)c3s2)CC1,CHEMBL4097197,4.8181564120552265,,1
CCOC(=O)[C@H](CCc1ccccc1)N[C@@H](C)C(=O)N1Cc2ccccc2C[C@H]1C(=O)O,CHEMBL1592,4.418270224115005,,1
CC(COc1ccccc1)N(CCCl)Cc1ccccc1,CHEMBL753,4.0,<,0
Cc1ccc2c(c1)c(-c1ccnc3c(C(F)(F)F)cccc13)c(C)n2CC(=O)O,CHEMBL214350,5.0,>,1
CN1CCN(C(=O)O[C@H]2c3nccnc3C(=O)N2c2ccc(Cl)cn2)CC1,CHEMBL1522,3.8761483590329133,<,0
CC(C)C(=O)Oc1ccc(CO)cc1[C@H](CCN(C(C)C)C(C)C)c1ccccc1,CHEMBL1201765,3.8761483590329133,<,0
O=c1[nH]cc(F)c(=O)[nH]1,CHEMBL185,3.0,<,0
Oc1ccc2c(c1)[C@@]13CCCC[C@@]1(O)[C@@H](C2)N(CC1CCC1)CC3,CHEMBL33986,3.8761483590329133,<,0
CCN(CC)CCOc1ccc(/C(=C(/Cl)c2ccccc2)c2ccccc2)cc1,CHEMBL1200667,4.438074197530259,,1
CCN(CC)CCOC(=O)C1(C2CCCCC2)CCCCC1,CHEMBL1123,4.397505931192719,,1
C[C@H]1C[C@@](O)(c2csc(Sc3ccc4c(c3)CC(=O)N4C)c2)CCO1,CHEMBL4098652,4.9613798380502985,>,1
CC[C@H]1OC(=O)[C@H](C)C(=O)[C@H](C)[C@@H](O[C@@H]2O[C@H](C)C[C@H](N(C)C)[C@H]2O)[C@](C)(OC)C[C@@H](C)C(=O)[C@H](C)[C@H]2N(CCCCn3cnc(-c4cccnc4)c3)C(=O)O[C@]12C,CHEMBL1136,5.073949583205452,,1
CCCCOc1cc(C(=O)OCCN(CC)CC)ccc1N,CHEMBL1200,3.5099009949366953,,1
CC(=O)Nc1ccccc1OC[C@@](C)(O)CNC1CCN(Cc2ccc(Cl)cc2)CC1,CHEMBL4081054,4.145451064187049,,1
CNC[C@H](O)Cc1ccc(Cl)c(C(=O)NCC23CC4CC(CC(C4)C2)C3)c1,CHEMBL2308220,3.875495775165717,,1
CC[C@@H]([C@H](C)O)n1ncn(-c2ccc(N3CCN(c4ccc(OC[C@@H]5CO[C@@](Cn6cncn6)(c6ccc(F)cc6F)C5)cc4)CC3)cc2)c1=O,CHEMBL1397,5.091514981121351,,1
COc1cc2c(cc1OC)C(=O)C(CC1CCN(Cc3ccccc3)CC1)C2,CHEMBL502,3.8771699102125923,,1
NC(=O)N1c2ccccc2CC(=O)c2ccccc21,CHEMBL1068,3.8761483590329133,<,0
NNCCc1ccccc1,CHEMBL1089,3.0471107350890696,<,0
O=C(O)[C@H]1/C(=C/CO)O[C@@H]2CC(=O)N21,CHEMBL777,3.0,<,0
COc1cccc2c1C(=O)c1c(O)c3c(c(O)c1C2=O)C[C@@](O)(C(=O)CO)C[C@@H]3O[C@H]1C[C@H](N)[C@H](O)[C@H](C)O1,CHEMBL53463,3.8761483590329133,<,0
CC(=O)OCC(=O)[C@@]1(O)[C@H](OC(C)=O)C[C@H]2[C@@H]3CCC4=CC(=O)C=C[C@]4(C)[C@@]3(F)[C@@H](O)C[C@@]21C,CHEMBL1200449,3.8761483590329133,<,0
Cn1c(=O)c2[nH]cnc2n(C)c1=O,CHEMBL1370561,3.8761483590329133,<,0
COC[C@@H](NC(C)=O)C(=O)NCc1ccccc1,CHEMBL58323,3.8761483590329133,<,0
CC[C@H]1OC(=O)[C@H](C)[C@@H](O[C@H]2C[C@@](C)(OC)[C@@H](O)[C@H](C)O2)[C@@H](C)[C@@H](O[C@@H]2O[C@H](C)C[C@H](N(C)C)[C@H]2O)[C@](C)(O)C[C@@H](C)C(=O)[C@H](C)[C@H](O)[C@]1(C)O,CHEMBL4062347,3.007402303897962,<,0
CCCc1c2nc(C(=O)O)cc(N(C)C(C)=O)c2cc2c(=O)cc(C(=O)O)oc12,CHEMBL1207722,3.0,<,0
CCCCNc1cc(C(=O)O)cc(S(N)(=O)=O)c1Oc1ccccc1,CHEMBL1072,3.2786778178347293,,1
Nc1cc(N2CCCCC2)nc(N)[n+]1[O-],CHEMBL802,3.8761483590329133,<,0
O=C(CCCN1CCC2(CC1)C(=O)NCN2c1ccccc1)c1ccc(F)cc1,CHEMBL267930,5.0,>,1
CC(C)NCC(O)COc1cccc2[nH]ccc12,CHEMBL500,3.8761483590329133,<,0
O=C(OCC(O)CO)c1ccccc1Nc1ccnc2cc(Cl)ccc12,CHEMBL146095,4.786177897843814,,1
O=C(O)c1cc2c(OCCCO)cccc2n1Cc1ccc(Cl)c(Cl)c1,CHEMBL4104780,4.8535618647142265,>,1
CCC1C(=O)OCC1Cc1cncn1C,CHEMBL4073182,3.0,<,0
CC(C)[C@H]1CC[C@H](C(=O)N[C@H](Cc2ccccc2)C(=O)O)CC1,CHEMBL783,3.8761483590329133,<,0
c1ccc2c(CCC3CCNCC3)c[nH]c2c1,CHEMBL276520,3.0,<,0
Cn1c(=O)c2nc[nH]c2n(C)c1=O,CHEMBL190,3.8761483590329133,<,0
c1ccc(CN(CC2=NCCN2)c2ccccc2)cc1,CHEMBL1305,3.0,<,0
COCCCOc1ccnc(C[S+]([O-])c2nc3ccccc3[n-]2)c1C,CHEMBL1200930,4.4698003017969175,,1
CC(C(=O)O)c1ccc2oc(-c3ccc(Cl)cc3)nc2c1,CHEMBL340978,3.870591597462332,,1
CN1CCN(C(=O)OC2c3nccnc3C(=O)N2c2ccc(Cl)cn2)CC1,CHEMBL135400,3.8761483590329133,<,0
CCOC(=O)C1=C(C)NC(C)=C(C(=O)OC)C1c1cccc([N+](=O)[O-])c1,CHEMBL475534,4.6249387366083,,1
Cc1cc2c(cc1CC(=O)c1sccc1S(=O)(=O)Nc1onc(C)c1Cl)OCO2,CHEMBL282724,4.8996294548824375,,1
OCC(CO)N[C@H]1C[C@](O)(CO)[C@@H](O)[C@H](O)[C@H]1O,CHEMBL476960,3.8761483590329133,<,0
C[C@](N)(Cc1ccc(O)c(O)c1)C(=O)O,CHEMBL4063475,3.0,<,0
CCN1CCC[C@H]1CNC(=O)c1c(OC)ccc(Br)c1OC,CHEMBL22242,4.230052855227088,,1
CCN(CCO)CCCC(C)Nc1ccnc2cc(Cl)ccc12,CHEMBL1690,3.8761483590329133,<,0
Cc1cc2cc(C(=O)NC3Cc4ccccc4N(C[C@@H](O)CO)C3=O)[nH]c2s1,CHEMBL4100519,4.960585880823863,>,1
COc1cc(C(=O)NS(=O)(=O)c2ccccc2C)ccc1Cc1cn(C)c2ccc(NC(=O)OC3CCCC3)cc12,CHEMBL603,4.9546770212133415,,1
C[C@]12CC[C@@H]3c4ccc(O)cc4CC[C@H]3[C@@H]1CCC2=O,CHEMBL1405,3.0,<,0
O=C(O)c1ccc(OCCn2ccnc2)cc1,CHEMBL267473,3.0,<,0
Cc1ccc(OC(C)(C)[C@H]2OC[C@@H](C/C=C\CCC(=O)O)[C@@H](c3cccnc3)O2)c([N+](=O)[O-])c1,CHEMBL279847,5.0,>,1
CCCc1ncc(C[n+]2ccccc2C)c(N)n1,CHEMBL1179735,3.0,<,0
C=CC1CN2CCC1CC2[C@H](O)c1ccnc2ccc(OC)cc12,CHEMBL601807,4.00511120463509,,1
CCOc1ccc(C[C@H]2NC(=O)CCSSC[C@@H](C(=O)N3CCC[C@H]3C(=O)N[C@@H](CCCN)C(=O)NCC(N)=O)NC(=O)[C@H](CC(N)=O)NC(=O)[C@H]([C@@H](C)O)NC(=O)[C@H]([C@@H](C)CC)NC2=O)cc1,CHEMBL382301,3.8761483590329133,<,0
Cc1nnc(SCC2=C(C(=O)[O-])N3C(=O)[C@@H](NC(=O)Cn4cnnn4)[C@H]3SC2)s1,CHEMBL1200523,3.8761483590329133,<,0
C[C@]12CC[C@@H]3c4ccc(O)cc4CC[C@H]3[C@@H]1CC[C@@H]2O,CHEMBL135,3.8761483590329133,<,0
NCCCC(N)(C(=O)O)C(F)F,CHEMBL536971,3.8761483590329133,<,0
C[C@@H]1CC[C@H]2[C@@H](C)C(=O)O[C@@H]3O[C@@]4(C)CC[C@@H]1[C@]32OO4,CHEMBL269671,3.8761483590329133,<,0
CC(C)(C)NCC(O)c1ccccc1Cl,CHEMBL1159717,3.0,<,0
Cc1cccc(C)c1OCC(C)N,CHEMBL558,3.8761483590329133,<,0
O=C(/C=C/c1c(C(=O)O)[nH]c2cc(Cl)cc(Cl)c12)Nc1ccccc1,CHEMBL44793,5.0,>,1
CO[C@H]1C[C@@H]2CC[C@@H](C)[C@@](O)(O2)C(=O)C(=O)N2CCCC[C@H]2C(=O)O[C@H]([C@H](C)C[C@@H]2CC[C@@H](O)[C@H](OC)C2)CC(=O)[C@H](C)/C=C(\C)[C@@H](O)[C@@H](OC)C(=O)[C@H](C)C[C@H](C)/C=C/C=C/C=C/1C,CHEMBL413,5.0,>,1
Sc1ncnc2nc[nH]c12,CHEMBL1425,3.8761483590329133,<,0
C[C@H]1CN(c2c(F)c(N)c3c(=O)c(C(=O)O)cn(C4CC4)c3c2F)C[C@@H](C)N1,CHEMBL850,3.8761483590329133,<,0
CC(C(=O)O)c1ccc2c(c1)[nH]c1ccc(Cl)cc12,CHEMBL1316,3.8761483590329133,<,0
CC(C)(C)NCC(O)COc1cccc2c1CC(O)C(O)C2,CHEMBL521606,3.0,<,0
OC(Cn1cncn1)(Cn1cncn1)c1ccc(F)cc1F,CHEMBL106,3.8761483590329133,<,0
Nc1cccc2c1CN(C1CCC(=O)NC1=O)C2=O,CHEMBL848,3.8761483590329133,<,0
COc1ccc(CC(N)C(=O)N[C@@H]2[C@@H](CO)OC(n3cnc4c(N(C)C)ncnc43)[C@@H]2O)cc1,CHEMBL4100515,3.103970087603773,<,0
O=C1CN=C(c2ccccc2)c2cc([N+](=O)[O-])ccc2N1,CHEMBL13209,3.8761483590329133,<,0
Cc1onc(-c2ccccc2Cl)c1C(=O)N[C@@H]1C(=O)N2[C@@H](C(=O)O)C(C)(C)S[C@H]12,CHEMBL891,4.019694959286637,,1
CCCN[C@H]1CCc2nc(N)sc2C1,CHEMBL301265,3.8761483590329133,<,0
COC(=O)C1=C(C)NC(C)=C(C(=O)OC(C)C)C1c1cccc2nonc12,CHEMBL1648,4.5528419686577815,,1
O=c1c2ccccc2[se]n1-c1ccccc1,CHEMBL51085,5.0,>,1
NC[C@H](O)c1ccc(O)c(O)c1,CHEMBL1437,3.0,<,0
CNS(=O)(=O)Cc1ccc2[nH]cc(CCN(C)C)c2c1,CHEMBL128,3.8761483590329133,<,0
NS(=O)(=O)c1cc(C(=O)O)c(NCc2ccco2)cc1Cl,CHEMBL35,3.0,<,0
CCCC[C@](C)(O)C/C=C/[C@H]1[C@H](O)CC(=O)[C@@H]1CCCCCCC(=O)OC,CHEMBL4064157,4.557520230935552,,1
O=C(CCCN1CCC(O)(c2cccc(C(F)(F)F)c2)CC1)c1ccc(F)cc1,CHEMBL15023,4.7055337738384075,,1
CCN(CC)CCCC(C)Nc1c2ccc(Cl)cc2nc2ccc(OC)cc12,CHEMBL7568,3.9952488444089984,,1
CO[C@H]1/C=C/O[C@@]2(C)Oc3c(C)c(O)c4c(O)c(cc(O)c4c3C2=O)NC(=O)/C(C)=C\C=C\[C@H](C)[C@H](O)[C@@H](C)[C@@H](O)[C@@H](C)[C@H](OC(C)=O)[C@@H]1C,CHEMBL437765,5.111467922628785,,1
Cc1ccc(Nc2nccc(N(C)c3ccc4c(C)n(C)nc4c3)n2)cc1S(N)(=O)=O,CHEMBL477772,4.987162775294828,,1
CC(C)NCC(O)COc1ccc(CCOCC2CC2)cc1,CHEMBL423,3.0,<,0
NS(=O)(=O)c1ccc(-c2ccc(OC[C@H](O)CCc3cccnc3)cc2)s1,CHEMBL4063198,3.0,<,0
COC1C(OC(=O)/C=C/C=C/C=C/C=C/C(=O)O)CCC2(CO2)C1C1(C)OC1CC=C(C)C,CHEMBL1396346,4.5919297141128155,,1
Cc1cccc(Nc2ccncc2S(=O)(=O)NC(=O)NC(C)C)c1,CHEMBL1148,3.8837244124194563,,1
CC(=O)Nc1c(I)c(NC(C)=O)c(I)c(C(=O)O)c1I,CHEMBL1201220,3.8761483590329133,<,0
CN(C)CCc1c[nH]c2ccc(C[C@H]3COC(=O)N3)cc12,CHEMBL1185,3.8761483590329133,<,0
C[N+](C)(C)CC(=O)[O-],CHEMBL1182,3.0,<,0
CC(C)/N=c1\cc2n(-c3ccc(Cl)cc3)c3ccccc3nc-2cc1Nc1ccc(Cl)cc1,CHEMBL1292,4.88941028970075,,1
O=C(NCCO[N+](=O)[O-])c1cccnc1,CHEMBL284906,3.8761483590329133,<,0
C=C1/C(=C\C=C2/CCC[C@@]3(C)[C@H]2CC[C@@H]3[C@H](C)CCCC(C)(C)O)C[C@@H](O)C[C@@H]1O,CHEMBL846,4.401209493236885,,1
CC(=O)N[C@H](Cc1ccc2ccccc2c1)C(=O)N[C@H](Cc1ccc(Cl)cc1)C(=O)N[C@H](Cc1cccnc1)C(=O)N[C@@H](CO)C(=O)N[C@@H](Cc1ccc(O)cc1)C(=O)N[C@H](CCCNC(N)=O)C(=O)N[C@@H](CC(C)C)C(=O)N[C@@H](CCCNC(=N)N)C(=O)N1CCC[C@H]1C(=O)N[C@H](C)C(N)=O,CHEMBL2103735,5.832682665251824,,1
O=C(NCCc1ccccc1Cl)c1cc(-n2ncc(=O)[nH]c2=O)ccc1Cl,CHEMBL559968,4.463189134008458,,1
COc1cc2c3cc1Oc1cc(ccc1O)C[C@@H]1c4c(cc(OC)c(O)c4Oc4ccc(cc4)C[C@@H]3N(C)CC2)CC[N+]1(C)C,CHEMBL339427,3.8761483590329133,<,0
COC(=O)Nc1nc2ccc(C(=O)c3ccccc3)cc2[nH]1,CHEMBL685,3.8761483590329133,<,0
CS(=O)(=O)Oc1ccc(OCCc2ccc(C[C@H](SCCc3ccc(O)cc3)C(=O)O)cc2)cc1,CHEMBL4061798,4.874193541860473,>,1
O=C([O-])[C@H]1/C(=C/CO)O[C@@H]2CC(=O)N21,CHEMBL1003,3.0,<,0
Cc1ccc(O)c([C@H](CCN(C(C)C)C(C)C)c2ccccc2)c1,CHEMBL1722209,3.8761483590329133,<,0
CC(C)OC(=O)OCOP(=O)(CO[C@H](C)Cn1cnc2c(N)ncnc21)OCOC(=O)OC(C)C,CHEMBL1486,3.8761483590329133,<,0
CCC(=N\O)/C(C)=C/c1ccc(F)cc1,CHEMBL3697701,4.57170318601712,,1
COc1ccc(/C=C/C(=O)Nc2ccccc2C(=O)O)cc1OC,CHEMBL415324,4.381951903287908,,1
CC1(C)OC(=O)NC1=O,CHEMBL1099,3.0,<,0
C#CCN(C)[C@H](C)Cc1ccccc1,CHEMBL1200904,3.8761483590329133,<,0
CC(=O)Nc1ccc(CC(=O)O)cc1,CHEMBL1885632,3.0,<,0
CCOc1cc(NC(C)=O)ccc1C(=O)OC,CHEMBL458769,3.3201180578871377,,1
NS(=O)(=O)c1cc(C2(O)NC(=O)c3ccccc32)ccc1Cl,CHEMBL1055,3.8761483590329133,<,0
C1CCc2nnnn2CC1,CHEMBL116943,3.0,<,0
Cc1ccc(-c2cc(C(F)(F)F)nn2-c2ccc(S(N)(=O)=O)cc2)cc1,CHEMBL118,3.8761483590329133,<,0
Clc1ccccc1CN1CCc2sccc2C1,CHEMBL1717,4.176352106456684,,1
N#Cc1ccc(C(c2ccc(C#N)cc2)n2cncn2)cc1,CHEMBL1444,3.6361740656430737,,1
CNC1(c2ccccc2Cl)CCCCC1=O,CHEMBL742,3.8761483590329133,<,0
COc1ccc(C(CN(C)C)C2(O)CCCCC2)cc1,CHEMBL637,3.0,<,0
COc1ccc(CC(C)NCC(O)c2ccc(O)c(NC=O)c2)cc1,CHEMBL1893395,3.8761483590329133,<,0
Cc1cc(=O)n(-c2ccccc2)n1C,CHEMBL277474,3.0,<,0
CCc1ccc(CCOc2ccc(CC3SC(=O)NC3=O)cc2)nc1,CHEMBL595,6.45964635006997,,1
C#C[C@@]1(OC(C)=O)CC[C@H]2[C@@H]3CCC4=CC(=O)CC[C@@H]4[C@H]3CC[C@@]21C,CHEMBL4091490,4.443697499232713,,1
CC1(C)COC(=O)C1O,CHEMBL4066633,3.0,<,0
CCCCCC(O)C1C(=O)OC(C)C(O)/C=C/C=C/C=C/C=C/C=C(/C)C(O)CC(O)CC(O)CC(O)CC(O)CC(O)CC1O,CHEMBL2103755,3.785156151952302,,1
O=C(O)CCC(=O)Nc1ccc(S(=O)(=O)Nc2nccs2)cc1,CHEMBL1484857,3.0,<,0
Oc1cccc2cccnc12,CHEMBL310555,3.0,<,0
CC(CCc1ccccc1)NCC(O)c1ccc(O)c(C(N)=O)c1,CHEMBL429,3.1876883908688765,,1
CN(C)CCC(c1ccccc1)c1ccccn1,CHEMBL1653,3.0,<,0
CCn1cc(C(=O)O)c(=O)c2cc(F)c(N3CCNCC3)cc21,CHEMBL9,3.8761483590329133,<,0
CC[C@H]1OC(=O)[C@H](C)[C@H](O[C@H]2C[C@@](C)(OC)[C@@H](O)[C@H](C)O2)[C@@H](C)[C@@H](O[C@@H]2O[C@H](C)C[C@H](N(C)C)[C@H]2O)[C@@](C)(OC)C[C@@H](C)C(=O)[C@H](C)[C@H](O)[C@]1(C)O,CHEMBL4091357,4.890084136976206,>,1
Fc1ccc(C(c2ccc(F)cc2)N2CCN(C/C=C/c3ccccc3)CC2)cc1,CHEMBL30008,5.0,>,1
CCc1cc(CC)c2oc(C(=O)O)cc(=O)c2c1O,CHEMBL4061002,3.951946826884391,,1
CC(=O)O[C@@]12CO[C@@H]1C[C@H](O)[C@@]1(C)C(=O)[C@H](O)C3=C(C)[C@@H](OC(=O)[C@H](O)[C@@H](NC(=O)OC(C)(C)C)c4ccccc4)C[C@@](O)([C@@H](OC(=O)c4ccccc4)[C@@H]12)C3(C)C,CHEMBL92,4.3872161432802645,,1
N=C(N)NC(=O)c1nc(Cl)c(N)nc1N,CHEMBL945,3.0,<,0
Clc1ccc(C(c2ccccc2Cl)C(Cl)Cl)cc1,CHEMBL1670,5.0,>,1
CC(=O)O[C@H]1C(=O)[C@]2(C)[C@@H](O)C[C@H]3OC[C@@]3(OC(C)=O)[C@H]2[C@H](OC(=O)c2ccccc2)[C@]2(O)C[C@H](OC(=O)[C@H](O)[C@@H](NC(=O)c3ccccc3)c3ccccc3)C(C)=C1C2(C)C,CHEMBL428647,4.753475885183302,,1
CCOCCNS(=O)(=O)c1ccc(Nc2nccc(-c3cnc(C)n3C(C)C)n2)cc1,CHEMBL4079430,5.0,>,1
Cc1ccc(Nc2nccc(N(C)c3ccc4c(C)n(C)nc4c3)n2)cc1S(C)(=O)=O,CHEMBL4068768,4.987162775294828,,1
Cc1n[nH]c(C)c1Cc1sc2c(c1C(=O)N1C[C@H](O)CO1)c(=O)n(C)c(=O)n2C(C)C,CHEMBL4094993,3.153044674980176,,1
CC(=O)Oc1ccccc1C(=O)Nc1ncc([N+](=O)[O-])s1,CHEMBL1401,3.8761483590329133,<,0
O[C@@H](CNC[C@H](O)[C@H]1CCc2cc(F)ccc2O1)[C@@H]1CCc2cc(F)ccc2O1,CHEMBL2358570,3.8761483590329133,<,0
CO[C@@H]1[C@@H](O[C@@H]2O[C@H](C)[C@@H](O[C@@H]3C[C@](C)(O)[C@H](O)[C@@H](C)O3)[C@H](N(C)C)[C@H]2O)[C@@H](CC=O)C[C@@H](C)[C@@H](O[C@H]2CC[C@H](N(C)C)[C@H](C)O2)/C=C/C=C/C[C@H](C)OC(=O)C[C@H]1O,CHEMBL3085157,3.8761483590329133,<,0
CC(=O)Nc1ccccc1,CHEMBL269644,3.0,<,0
CC(C)(Oc1ccc(C2CC2(Cl)Cl)cc1)C(=O)O,CHEMBL557555,3.2420709591087427,,1
CC1=NS(=O)(=O)c2cc(Cl)ccc2N1,CHEMBL181,3.0,<,0
CC(=O)O[C@]1(C(C)=O)CC[C@H]2[C@@H]3C[C@H](C)C4=CC(=O)CC[C@]4(C)[C@H]3CC[C@@]21C,CHEMBL717,4.804100347590767,,1
Cc1ncc([N+](=O)[O-])n1CCO,CHEMBL137,3.8761483590329133,<,0
CCCN(CCC)S(=O)(=O)c1ccc(C(=O)O)cc1,CHEMBL897,3.2398071798775576,,1
Cc1c(O)cccc1C(=O)N[C@@H](CSc1ccccc1)[C@H](O)CN1C[C@H]2CCCC[C@H]2C[C@H]1C(=O)NC(C)(C)C,CHEMBL584,4.928117992693875,,1
CC(=O)[C@H]1CC[C@H]2[C@@H]3CCC4=CC(=O)CC[C@]4(C)[C@H]3CC[C@]12C,CHEMBL103,5.0,>,1
CNCC[C@H](Oc1cccc2ccccc12)c1cccs1,CHEMBL1200328,3.8761483590329133,<,0
CCC[C@H](N[C@@H](C)C(=O)N1[C@H](C(=O)O)C[C@@H]2CCCC[C@@H]21)C(=O)OCC,CHEMBL1200343,3.8761483590329133,<,0
O=C(O)c1cc(=O)c2c(OCC(O)COc3cccc4oc(C(=O)O)cc(=O)c34)cccc2o1,CHEMBL428880,3.0,<,0
C[C@]12C[C@H](O)[C@H]3[C@@H](CCC4=CC(=O)CC[C@@]43C)[C@@H]1CC[C@]2(O)C(=O)CO,CHEMBL389621,3.5991167844516374,,1
O=C(N[C@H](CO)[C@H](O)c1ccc([N+](=O)[O-])cc1)C(Cl)Cl,CHEMBL130,3.0186798267408923,<,0
COc1ccc2c(c1OC)C(=O)OC2C1c2cc3c(cc2CCN1C)OCO3,CHEMBL1256868,4.182831427618944,,1
CCCCC1=NC2(CCCC2)C(=O)N1Cc1ccc(-c2ccccc2-c2nn[nH]n2)cc1,CHEMBL1513,5.13608262304214,,1
C#C[C@]1(O)CC[C@H]2[C@@H]3CCc4cc(O)ccc4[C@H]3CC[C@@]21C,CHEMBL691,4.976933487751544,,1
CCCCC(=O)N(Cc1ccc(-c2ccccc2-c2nnn[nH]2)cc1)[C@H](C(=O)O)C(C)C,CHEMBL1069,4.167809249326323,,1
Oc1ccc(CCNCCCCCCNCCc2ccccc2)cc1O,CHEMBL77622,3.0,<,0
CCn1cc(C(=O)O)c(=O)c2ccc(C)nc21,CHEMBL5,3.8761483590329133,<,0
CC1(C)O[C@@H]2CO[C@@]3(COS(N)(=O)=O)OC(C)(C)O[C@H]3[C@@H]2O1,CHEMBL220492,3.0,<,0
C#C[C@]1(O)CC[C@H]2[C@@H]3CCC4=Cc5oncc5C[C@]4(C)[C@H]3CC[C@@]21C,CHEMBL1479,5.0,>,1
Oc1c(I)cc(Cl)c2cccnc12,CHEMBL497,3.8761483590329133,<,0
Cc1cccn2c(=O)c(-c3nnn[n-]3)cnc12,CHEMBL1201050,3.8761483590329133,<,0
N#C[C@@H]1C[C@@H]2C[C@@H]2N1C(=O)[C@@H](N)C12CC3CC(CC(O)(C3)C1)C2,CHEMBL1201743,3.8761483590329133,<,0
C#C[C@@]1(O)CC[C@H]2[C@@H]3CCC4=Cc5oncc5C[C@]4(C)[C@H]3CC[C@@]21C,CHEMBL489066,4.7281583934635005,,1
CC1(C)O[C@@H]2C[C@H]3[C@@H]4C[C@H](F)C5=CC(=O)CC[C@]5(C)[C@H]4[C@@H](O)C[C@]3(C)[C@]2(C(=O)CO)O1,CHEMBL1201012,4.147581007062999,,1
N[C@@H]1C[C@H]1c1ccccc1,CHEMBL1179,3.0,<,0
CC(C)C[C@H](NC(=O)[C@@H](COC(C)(C)C)NC(=O)[C@H](Cc1ccc(O)cc1)NC(=O)[C@H](CO)NC(=O)[C@H](Cc1c[nH]c2ccccc12)NC(=O)[C@H](Cc1cnc[nH]1)NC(=O)[C@@H]1CCC(=O)N1)C(=O)N[C@@H](CCCNC(=N)N)C(=O)N1CCC[C@H]1C(=O)NNC(N)=O,CHEMBL1200501,3.8761483590329133,<,0
CCCCCCCC/C=C/CCCCCCCC(=O)OCC(COP(=O)(O)OCC[N+](C)(C)C)OC(=O)CCCCCCC/C=C/CCCCCCCC,CHEMBL4081726,4.794795636051855,>,1
CCN(CC)CCNc1ccc(CO)c2sc3ccccc3c(=O)c12,CHEMBL22077,4.525783735923745,,1
CC[C@@H]1/C=C(\C)C[C@H](C)C[C@H](OC)[C@H]2O[C@@](O)(C(=O)C(=O)N3CCCC[C@H]3C(=O)O[C@H](/C(C)=C/[C@@H]3CC[C@H](Cl)[C@H](OC)C3)[C@H](C)[C@@H](O)CC1=O)[C@H](C)C[C@@H]2OC,CHEMBL1200686,5.0,,1
C[C@]12CC[C@H]3[C@@H](CCC4=CC(=O)CC[C@@]43C)[C@@H]1CC[C@@H]2O,CHEMBL386630,3.9788107009300617,,1
NCCc1ccc(O)c(O)c1,CHEMBL59,3.0,<,0
CC(=O)NS(=O)(=O)c1ccc(N)cc1,CHEMBL455,3.0,<,0
CCNC(=O)CCC/C=C\C[C@H]1[C@@H](O)C[C@@H](O)[C@@H]1/C=C/[C@@H](O)CCc1ccccc1,CHEMBL1200963,4.393618634889395,,1
CC(C)(C)C(=O)OCOP(=O)(COCCn1cnc2c(N)ncnc21)OCOC(=O)C(C)(C)C,CHEMBL922,4.337242168318426,,1
COc1cccc(N2C(N)=NC(N)=NC23CCCCC3)c1,CHEMBL575299,3.0,<,0
O=[N+]([O-])C(Br)(CO)CO,CHEMBL1408862,3.8761483590329133,<,0
COc1ccccc1OCCNCC(O)COc1cccc2[nH]c3ccccc3c12,CHEMBL723,3.8761483590329133,<,0
C[C@H]1CN(C[C@H](Cc2ccccc2)C(=O)NCC(=O)O)CC[C@@]1(C)c1cccc(O)c1,CHEMBL270190,3.8761483590329133,<,0
Cc1ccc(C)c(OCCCC(C)(C)C(=O)O)c1,CHEMBL457,3.8761483590329133,<,0
CCCN(CCC)C(=O)Cc1c(-c2ccc(Cl)cc2)nc2ccc(Cl)cn12,CHEMBL54349,5.037276912008364,,1
ClC(Cl)(Cl)Cl,CHEMBL44814,3.8761483590329133,<,0
COc1cc(NC(C)CCCN)c2ncccc2c1,CHEMBL506,4.415215476106488,,1
CNC1=Nc2ccc(Cl)cc2C(c2ccccc2)=[N+]([O-])C1,CHEMBL451,4.478810700930062,,1
C[C@H](CCC(=O)O)[C@H]1CC[C@H]2[C@@H]3[C@@H](O)C[C@@H]4C[C@H](O)CC[C@]4(C)[C@H]3CC[C@@]21C,CHEMBL1551,5.0,>,1
CC(C)n1c(/C=C/[C@H](O)C[C@H](O)CC(=O)O)c(-c2ccc(F)cc2)c2ccccc21,CHEMBL350239,4.442492798094341,,1
COc1ccc2c(c1)N(C[C@H](C)CN(C)C)c1ccccc1S2,CHEMBL1764,3.8961962790440423,,1
CN1CCN2c3ncccc3Cc3ccccc3C2C1,CHEMBL654,3.8761483590329133,<,0
O=S(=O)([O-])CCS,CHEMBL975,3.8761483590329133,<,0
CCCC(CCC)C(=O)O,CHEMBL109,3.0,<,0
Cc1ccc(N(CC2=NCCN2)c2cccc(O)c2)cc1,CHEMBL597,3.0,<,0
Nc1nc(F)nc2c1ncn2[C@@H]1O[C@H](COP(=O)(O)O)[C@@H](O)[C@@H]1O,CHEMBL1096882,3.8761483590329133,<,0
Cc1cn([C@H]2C=C[C@@H](CO)O2)c(=O)[nH]c1=O,CHEMBL991,3.8761483590329133,<,0
CC1(C)S[C@@H]2[C@H](NC(=O)[C@H](NC(=O)N3CCNC3=O)c3ccccc3)C(=O)N2[C@H]1C(=O)[O-],CHEMBL1201041,3.8761483590329133,<,0
C1CCC(C(CC2CCCCN2)C2CCCCC2)CC1,CHEMBL75880,4.842845560093719,,1
NCCCC(O)(P(=O)([O-])O)P(=O)(O)O,CHEMBL675,3.8761483590329133,<,0
O=C(Nc1cccc2c(=O)cc(-c3nn[nH]n3)oc12)c1ccc(OCCCCc2ccccc2)cc1,CHEMBL21333,5.527243550682788,,1
O=CN(O)C(CCc1ccccn1)CS(=O)(=O)N1CCN(c2ccc(Cl)cn2)CC1,CHEMBL4070418,5.0,>,1
CN(C)c1nc(N(C)C)nc(N(C)C)n1,CHEMBL1455,3.0,<,0
O=C(Oc1ccccc1C(=O)O)c1ccccc1O,CHEMBL154111,3.0,<,0
O=C(O)CCCCCCCNC(=O)c1ccccc1O,CHEMBL16503,3.1244178956721145,<,0
Nc1ncn([C@H]2C[C@H](O)[C@@H](CO)O2)c(=O)n1,CHEMBL1201129,3.8761483590329133,<,0
CCC1=C(C)CN(C(=O)NCCc2ccc(S(=O)(=O)NC(=O)N[C@H]3CC[C@H](C)CC3)cc2)C1=O,CHEMBL1481,4.783528400148377,,1
O=C(CC(=O)C(F)(F)F)c1cccs1,CHEMBL1236433,3.8761483590329133,<,0
O=C(O)CCCc1ccc(N(CCCl)CCCl)cc1,CHEMBL515,3.8761483590329133,<,0
CCCC(=O)c1cnc2c(OCC[S+](C)[O-])cccc2c1Nc1ccc(F)cc1C,CHEMBL4090802,5.0,>,1
CN1CCN(c2ccccc2/C=C2/SCCN(c3ccc(Cl)c(Cl)c3)C2=O)CC1,CHEMBL2110932,5.0,>,1
Cc1nnc(NS(=O)(=O)c2ccc(N)cc2)s1,CHEMBL1191,3.0,<,0
C/C(=C\C(=O)OCCCCCCCCC(=O)O)C[C@@H]1OC[C@H](C[C@@H]2O[C@H]2[C@@H](C)[C@H](C)O)[C@@H](O)[C@H]1O,CHEMBL719,3.8761483590329133,<,0
CN1C(C(=O)Nc2ccccn2)=C(O)c2sccc2S1(=O)=O,CHEMBL302795,3.8761483590329133,<,0
CC[C@H](C)[C@H]1O[C@]2(CC[C@@H]1C)C[C@@H]1C[C@@H](C/C=C(\C)[C@@H](O[C@H]3C[C@H](OC)[C@@H](O[C@H]4C[C@H](OC)[C@@H](O)[C@H](C)O4)[C@H](C)O3)[C@@H](C)/C=C/C=C3\CO[C@@H]4[C@H](O)C(C)=C[C@@H](C(=O)O1)[C@]34O)O2,CHEMBL263291,5.0,>,1
CC(O)(P(=O)(O)O)P(=O)(O)O,CHEMBL871,3.0,<,0
CCOC(=O)[C@@H]1CC(=O)O[C@H](C)C/C=C/C=C/[C@H](O)[C@H](C)C[C@H](CC=O)[C@H](O[C@@H]2O[C@H](C)[C@@H](O[C@H]3C[C@@](C)(O)[C@@H](OC(=O)CC)[C@H](C)O3)[C@H](N(C)C)[C@H]2O)[C@H]1OC,CHEMBL1908336,4.844663962534939,,1
C[C@@H](O)[C@H]1C(=O)N2C(C(=O)O)=C(S[C@@H]3CN[C@H](C(=O)N(C)C)C3)[C@H](C)[C@H]12,CHEMBL127,3.8761483590329133,<,0
CO[C@H]1C[C@@H]2CC[C@@H](C)[C@@](O)(O2)C(=O)C(=O)N2CCCC[C@H]2C(=O)O[C@H]([C@H](C)C[C@@H]2CC[C@@H](OCCO)[C@H](OC)C2)CC(=O)[C@H](C)/C=C(\C)[C@@H](O)[C@@H](OC)C(=O)[C@H](C)C[C@H](C)/C=C/C=C/C=C/1C,CHEMBL1908360,5.698970004336019,,1
O=P(O)(O)C(O)(Cn1ccnc1)P(=O)(O)O,CHEMBL924,3.8761483590329133,<,0
O=C(Nc1ccc(C(=O)O)c(O)c1)c1ccccc1,CHEMBL1487804,3.0,<,0
Cc1nccn1CC1CCc2c(c3ccccc3n2C)C1=O,CHEMBL46,3.8761483590329133,<,0
COc1ccc2cccc(CCNC(C)=O)c2c1,CHEMBL10878,3.8761483590329133,<,0
Cc1ncc2n1-c1ccc(Cl)cc1C(c1ccccc1F)=NC2,CHEMBL655,4.379725148441016,,1
CC(=O)Oc1c(C)cc(Nc2ccn(-c3ccccc3)n2)cc1C,CHEMBL4096888,5.0,>,1
c1ccc2c(c1)OCC(C1=NCCN1)O2,CHEMBL10316,3.8761483590329133,<,0
Cc1ccc(S(=O)(=O)NC(=O)NN2CCCCCC2)cc1,CHEMBL817,3.5440897596172567,,1
C=C[C@H]1CN2CC[C@H]1C[C@@H]2[C@@H](O)c1ccnc2ccc(OC)cc12,CHEMBL1294,3.8761483590329133,<,0
Cc1ccc(OC(C)(C)[C@H]2OC[C@@H](C/C=C\CCC(=O)O)[C@@H](c3cccnc3)O2)c(C#N)c1,CHEMBL4067821,5.0,>,1
COc1ccc2cc([C@H](C)C(=O)O)ccc2c1,CHEMBL154,3.0,<,0
C=CCOc1ccccc1OCC(O)CNC(C)C,CHEMBL546,3.0,<,0
C#CCN[C@@H]1CCc2ccccc21,CHEMBL1201142,3.8761483590329133,<,0
NCC(CC(=O)O)c1ccc(Cl)cc1,CHEMBL701,3.8761483590329133,<,0
NC(=O)NO,CHEMBL467,3.8761483590329133,<,0
CC(=O)[C@H]1[C@H](C#N)C[C@H]2[C@@H]3CC=C4C[C@@H](O)CC[C@]4(C)[C@H]3CC[C@@]21C,CHEMBL1400945,3.8761483590329133,<,0
CCN(CC)CCCC(C)Nc1ccnc2cc(Cl)ccc12,CHEMBL76,3.8761483590329133,<,0
COc1ccc2c(c1)CC[C@@H]1[C@@H]2CC[C@@]2(C)[C@H]1CC[C@@]2(O)C#N,CHEMBL4089354,5.0,>,1
C/C=C/C(=O)N(CC)c1ccccc1C,CHEMBL1200709,3.960585880823863,,1
C=CCN1C[C@H](C(=O)N(CCCN(C)C)C(=O)NCC)C[C@@H]2c3cccc4[nH]cc(c34)C[C@H]21,CHEMBL1201087,3.8761483590329133,<,0
COc1c(N2C[C@@H]3CCCN[C@@H]3C2)c(F)cc2c(=O)c(C(=O)O)cn(C3CC3)c12,CHEMBL1200735,3.0,<,0
CN(C)C/C=C(/c1ccc(Br)cc1)c1cccnc1,CHEMBL37744,3.6388390048049737,,1
CN(C)CCOc1ccc(/C(=C(/CCCl)c2ccccc2)c2ccccc2)cc1,CHEMBL1200675,3.939302159646388,,1
CNCCCN1c2ccccc2CCc2ccccc21,CHEMBL72,3.7431780921106275,,1
CCC1(c2ccccc2)NC(=O)N(C)C1=O,CHEMBL861,3.0,<,0
C=CCCCCCCCCC(=O)O,CHEMBL1276010,3.8761483590329133,<,0
NC(=O)CN1CCCC1=O,CHEMBL36715,3.0,<,0
COc1ccc(Cc2nccc3cc(OC)c(OC)cc23)cc1OC,CHEMBL19224,4.230052855227088,,1
O=C1CN(/N=C/c2ccc([N+](=O)[O-])o2)C(=O)N1,CHEMBL572,3.0,<,0
O=C(c1ccc(-c2ccncc2)cc1)N1CCN(S(=O)(=O)c2cc3cc(Cl)ccc3[nH]2)CC1,CHEMBL4092958,5.0,>,1
CN1CC[C@@]2(C)c3cc(OC(=O)N4CCc5ccccc5C4)ccc3N(C)[C@@H]12,CHEMBL1243298,5.0,>,1
NC(=O)c1ncn([C@@H]2O[C@H](CO)[C@@H](O)[C@H]2O)n1,CHEMBL1643,3.8761483590329133,<,0
NNC(=O)c1ccncc1,CHEMBL64,3.0,<,0
CCOC(=O)Nc1ccc(NCc2ccc(F)cc2)nc1N,CHEMBL255044,4.449771646944906,,1
CC(=O)Nc1ccc(OCC(O)CNC(C)C)cc1,CHEMBL6995,3.0,<,0
Nc1ccc(C(=O)NCC(=O)O)cc1,CHEMBL463,3.0,<,0
CC(C)(C)c1ccc(C(=O)CCCN2CCC(OC(c3ccccc3)c3ccccc3)CC2)cc1,CHEMBL305660,3.8761483590329133,<,0
C[C@@](Cc1ccc(O)c(O)c1)(NN)C(=O)O,CHEMBL1201236,3.0,<,0
CC(C)c1ccc2oc3nc(N)c(C(=O)O)cc3c(=O)c2c1,CHEMBL1096,3.9829666607012193,,1
CC1=C(/C=C/C(C)=C/C=C/C(C)=C/C=C/C=C(C)/C=C/C=C(C)/C=C/C2=C(C)CCCC2(C)C)C(C)(C)CCC1,CHEMBL1293,5.0,>,1
COc1cc(Cc2cnc(N)nc2N)cc(OC)c1OC,CHEMBL22,3.07930286553008,,1
COC(=O)C1=C(C#N)NC(C)=C(C(=O)OC(C)C)C1c1cccc([N+](=O)[O-])c1,CHEMBL517427,5.0,>,1
Nc1nc(=O)c2c([nH]1)NCC(CNc1ccc(C(=O)N[C@@H](CCC(=O)O)C(=O)O)cc1)N2C=O,CHEMBL1679,3.0,<,0
CN1CC[C@]23c4c5ccc(O)c4O[C@H]2[C@@H](O)C=C[C@H]3[C@H]1C5,CHEMBL70,3.8761483590329133,<,0
O=C(O)c1ccccc1S,CHEMBL119888,3.0,<,0
Nc1nc2ccc(OC(F)(F)F)cc2s1,CHEMBL744,3.794892543524356,,1
CN(C)CC[C@@H](c1ccc(Br)cc1)c1ccccn1,CHEMBL1200638,3.8761483590329133,<,0
Nc1nc(=O)n([C@@H]2CS[C@H](CO)O2)cc1F,CHEMBL885,3.8761483590329133,<,0
C[C@@H]1C[C@H]2[C@@H]3CCC4=CC(=O)C=C[C@]4(C)[C@@]3(Cl)[C@@H](O)C[C@]2(C)[C@@]1(O)C(=O)CCl,CHEMBL1201404,5.031517051446063,,1
CCOC(=O)/N=c1/c[n+](N2CCOCC2)[n-]o1,CHEMBL1256353,3.8761483590329133,<,0
CC(C)=CCC1C(=O)N(c2ccccc2)N(c2ccccc2)C1=O,CHEMBL1452696,4.131355561605174,,1
NC(=O)c1cc([N+](=O)[O-])cc([N+](=O)[O-])c1,CHEMBL1437065,3.7340036295049206,,1
C[C@]12CC[C@H]3[C@@H](CCC4=Cc5oncc5C[C@@]43C)[C@@H]1CCC2(O)C#N,CHEMBL4066812,4.7281583934635005,,1
CCCCc1nc(Cl)c(CO)n1Cc1ccc(-c2ccccc2-c2nnn[nH]2)cc1,CHEMBL191,5.115662514809716,,1
CCOC(=O)C1=C(COCCN)NC(C)=C(C(=O)OC)C1c1ccccc1Cl,CHEMBL1491,4.318059282206688,,1
O=C([O-])P(=O)([O-])[O-],CHEMBL754,3.8761483590329133,<,0
CC(C)(C)NCC(O)COc1cccc2c1CCC(=O)N2,CHEMBL839,3.0,<,0
CCCCC(=O)OCC(=O)[C@]1(O)Cc2c(O)c3c(c(O)c2[C@@H](O[C@H]2C[C@H](NC(=O)C(F)(F)F)[C@H](O)[C@H](C)O2)C1)C(=O)c1c(OC)cccc1C3=O,CHEMBL1096885,4.617982957425132,,1
CCCCc1ccc2[nH]c(NC(=O)OC)nc2c1,CHEMBL528271,3.0,<,0
N=C(N)N/N=C/c1c(Cl)cccc1Cl,CHEMBL420,3.4638204678627744,,1
C[C@@H](COc1ccc(N2CCN(c3ccncc3)CC2)cc1)CC(=O)O,CHEMBL118090,3.0,<,0
CO[C@H]1/C=C/O[C@@]2(C)Oc3c(C)c(O)c4c(c3C2=O)C2=NC3(CCN(CC(C)C)CC3)NC2=C(NC(=O)/C(C)=C\C=C\[C@H](C)[C@H](O)[C@@H](C)[C@@H](O)[C@H](C)[C@H](OC(C)=O)[C@H]1C)C4=O,CHEMBL3392929,5.0,>,1
C[C@H]1O[C@@H](O[C@H]2[C@@H](O)C[C@H](O[C@H]3[C@@H](O)C[C@H](O[C@H]4CC[C@]5(C)[C@H]6C[C@@H](O)[C@]7(C)[C@@H](C8=CC(=O)OC8)CC[C@]7(O)[C@@H]6CC[C@@H]5C4)O[C@@H]3C)O[C@@H]2C)C[C@H](O)[C@@H]1O,CHEMBL1751,3.578231598793076,,1
CCCSc1nc(N)c2ncn([C@@H]3O[C@H](CO)[C@@H](O)[C@H]3O)c2n1,CHEMBL577902,3.0,<,0
COc1ccc(CCN(C)CCCC(C#N)(c2ccc(OC)c(OC)c2)C(C)C)cc1OC,CHEMBL1280,4.110186404496766,,1
CC(Cc1ccc2c(c1)OCO2)NCC(O)c1ccc(O)c(O)c1,CHEMBL1200893,3.0077558559532287,<,0
CN(CCOc1ccc(NS(C)(=O)=O)cc1)CCc1ccc(NS(C)(=O)=O)cc1,CHEMBL473,3.149721400856086,,1
N[C@@H]1CONC1=O,CHEMBL771,3.0,<,0
C[C@@H](O)[C@H]1C(=O)N2C(C(=O)O)=C(S[C@@H]3CN[C@H](CNS(N)(=O)=O)C3)[C@H](C)[C@H]12,CHEMBL491571,3.8761483590329133,<,0
CC1(C)O[C@@H]2C[C@H]3[C@@H]4C[C@H](F)C5=CC(=O)C=C[C@]5(C)[C@H]4[C@@H](O)C[C@]3(C)[C@]2(C(=O)CO)O1,CHEMBL1512,3.8761483590329133,<,0
CC(C)(C)NCC(O)COc1nsnc1N1CCOCC1,CHEMBL173706,3.0,<,0
CCN1C(=O)NC(c2ccccc2)C1=O,CHEMBL1095,3.1013296570344706,<,0
CN(C)CCc1c[nH]c2ccc(Cn3cncn3)cc12,CHEMBL1201032,3.8761483590329133,<,0
CCN(CC)CCNC(=O)c1c(C)[nH]c(/C=C2\C(=O)Nc3ccc(F)cc32)c1C,CHEMBL3109278,4.338140938271171,,1
C[n+]1ccccc1C=NO,CHEMBL1420,3.0,<,0
O=c1ccc2ccccc2o1,CHEMBL6466,3.0,<,0
NC[C@H]1O[C@H](O[C@@H]2[C@@H](N)C[C@@H](N)[C@H](O[C@H]3O[C@H](CO)[C@@H](O)[C@H](N)[C@H]3O)[C@H]2O)[C@H](N)C[C@@H]1O,CHEMBL1747,3.8761483590329133,<,0
CCN(CC)C(=O)/C(C#N)=C/c1cc(O)c(O)c([N+](=O)[O-])c1,CHEMBL953,4.254925208417943,,1
CCN(CC)C(=S)S,CHEMBL961,4.159517512786558,,1
O=C(O)c1cc(/N=N/c2ccc(S(=O)(=O)Nc3ccccn3)cc2)ccc1O,CHEMBL421,3.8761483590329133,<,0
CCS(=O)(=O)c1ccc(-c2cc(Cl)ccc2OCC(=O)O)c(F)c1,CHEMBL1778644,3.773915884024176,,1
CC(C)N(CCC(C(N)=O)(c1ccccc1)c1ccccn1)C(C)C,CHEMBL517,3.8761483590329133,<,0
CC(C)(CO)[C@@H](O)C(=O)NCCCO,CHEMBL1200979,3.0,<,0
CC[N+](C)(C)Cc1ccccc1Br,CHEMBL1199080,3.0,<,0
CC(=O)O[C@H]1C[C@@H]2CC[C@@H]3[C@H](CC[C@@]4(C)[C@H]3C[C@H]([N+]3(C)CCCCC3)[C@@H]4OC(C)=O)[C@@]2(C)C[C@@H]1N1CCCCC1,CHEMBL1200629,3.8761483590329133,<,0
Cc1c(OCC(F)(F)F)ccnc1C[S+]([O-])c1nc2ccccc2[nH]1,CHEMBL480,3.8761483590329133,<,0
COc1ccc(Cl)cc1[C@]1(F)C(=O)Nc2cc(C(F)(F)F)ccc21,CHEMBL266510,3.8761483590329133,<,0
Cc1ccc(NC(=O)c2cccc3c2oc2ccccc23)cc1NC(=O)c1cccc(OC2CCN(C(C)C)CC2)c1,CHEMBL4062677,5.0,>,1
CC(N/C(=N\C#N)Nc1ccncc1)C(C)(C)C,CHEMBL1159,3.625330804663375,,1
COC(=O)C1=C(C)NC(C)=C(C(=O)OC)C1c1ccccc1[N+](=O)[O-],CHEMBL193,4.399288430914241,,1
CCCn1c(=O)[nH]c(=O)c2[nH]cnc21,CHEMBL279898,3.0,<,0
CC(C)(Sc1cc(C(C)(C)C)c(O)c(C(C)(C)C)c1)Sc1cc(C(C)(C)C)c(O)c(C(C)(C)C)c1,CHEMBL608,3.0,<,0
CCCSc1nc(N)c2ncn([C@@H]3O[C@H](COP(=O)(O)OP(=O)(O)C(Cl)(Cl)P(=O)(O)O)[C@@H](O)[C@H]3O)c2n1,CHEMBL336292,3.0,<,0
C[C@H]1c2cccc(O)c2C(=O)C2=C(O)[C@]3(O)C(=O)C(C(N)=O)=C(O)[C@@H](N(C)C)[C@@H]3[C@@H](O)[C@@H]21,CHEMBL1256723,3.8761483590329133,<,0
CCC(C)(C)C(=O)O[C@H]1C[C@@H](C)C=C2C=C[C@H](C)[C@H](CC[C@@H]3C[C@@H](O)CC(=O)O3)[C@H]21,CHEMBL1064,4.717777922174527,,1
N=C(N)N1CCc2ccccc2C1,CHEMBL169901,3.021454299537261,<,0
Nc1ccc(S(=O)(=O)c2ccc(N)cc2)cc1,CHEMBL1043,3.0,<,0
O=C(O)c1cc2sccc2n1Cc1ccc(Cl)c(Cl)c1,CHEMBL4091827,4.862645888629267,,1
O=C(NO)C1(CS(=O)(=O)c2ccc(Oc3ccc(Cl)cc3)cc2)CCOCC1,CHEMBL440498,4.631527161559638,,1
COC(=O)C1=CCCN(C)C1,CHEMBL7303,3.0,<,0
CC(C)C[C@H](CN)CC(=O)O,CHEMBL1059,3.8761483590329133,<,0
CCN(CC)CC(=O)Nc1c(C)cccc1C,CHEMBL79,3.8761483590329133,<,0
CC[C@H]1OC(=O)[C@H](C)[C@@H](O[C@H]2C[C@@](C)(OC)[C@@H](O)[C@H](C)O2)[C@H](C)[C@@H](O[C@@H]2O[C@H](C)C[C@H](N(C)C)[C@H]2O)[C@](C)(O)C[C@@H](C)CN(C)[C@H](C)[C@@H](O)[C@]1(C)O,CHEMBL529,3.8761483590329133,<,0
CSc1ccc(C(=O)c2[nH]c(=O)[nH]c2C)cc1,CHEMBL249856,3.8761483590329133,<,0
CN(C)CCOC(c1ccccc1)c1ccccc1,CHEMBL1200406,3.0,<,0
CC[C@@H](CO)NCCN[C@@H](CC)CO,CHEMBL3140361,3.8761483590329133,<,0
C[C@]12CC[C@H]3[C@H]([C@@H]1[C@@H]1C[C@@H]1[C@@]21CCC(=O)O1)[C@H]1C[C@H]1C1=CC(=O)CC[C@@]13C,CHEMBL1509,4.785156151952302,,1
CCN(CC)C(=O)c1ccc(C(=C2CCNCC2)c2ccccc2)cc1,CHEMBL415521,3.9755143323008326,,1
Nc1nc(O)c2c(n1)NCC(CNc1ccc(C(=O)N[C@@H](CCC(=O)[O-])C(=O)[O-])cc1)N2C=O,CHEMBL1201138,3.8761483590329133,<,0
Nc1[nH]c(=O)ncc1F,CHEMBL1463,3.8761483590329133,<,0
CC(C)(C)NCC(O)c1ccc(O)c(CO)c1,CHEMBL714,3.0,<,0
CCOC(=O)[C@H](CCc1ccccc1)N[C@@H](C)C(=O)N1[C@H](C(=O)O)C[C@@H]2CCC[C@@H]21,CHEMBL1168,3.8761483590329133,<,0
CCCc1ncc(-c2ccnc(Nc3ccc(S(=O)(=O)NCCOC)cc3)n2)n1C(C)C,CHEMBL4062153,5.0,>,1
CO[C@H]1C[C@@H]2CC[C@@H](C)[C@@](O)(O2)C(=O)C(=O)N2CCCC[C@H]2C(=O)O[C@H]([C@H](C)C[C@@H]2CC[C@@H](OC(=O)C(C)(CO)CO)[C@H](OC)C2)CC(=O)[C@H](C)/C=C(\C)[C@@H](O)[C@@H](OC)C(=O)[C@H](C)C[C@H](C)/C=C/C=C/C=C/1C,CHEMBL1201182,5.570247719997592,,1
C[C@@H](O)[C@@H]1NC(=O)[C@H](CCCCN)NC(=O)[C@@H](Cc2c[nH]c3ccccc23)NC(=O)[C@H](Cc2ccccc2)NC(=O)[C@@H](NC(=O)[C@H](N)Cc2ccccc2)CSSC[C@@H](C(=O)N[C@H](CO)[C@@H](C)O)NC1=O,CHEMBL1200480,5.029653123769906,,1
COC(=O)N/N=C/c1c[n+]([O-])c2ccccc2[n+]1[O-],CHEMBL13779,3.0269645593130665,<,0
CC(C(=O)O)c1ccc(-c2ccccc2)c(F)c1,CHEMBL563,3.1398417386817217,,1
CN(C(=O)c1c(O)c2ccccc2n(C)c1=O)c1ccccc1,CHEMBL11672,3.8761483590329133,<,0
N#Cc1c(N(CC(=O)[O-])CC(=O)[O-])sc(C(=O)[O-])c1CC(=O)[O-],CHEMBL3707306,3.8761483590329133,<,0
Cc1cnc(NC(=O)C2=C(O)c3ccccc3S(=O)(=O)N2C)s1,CHEMBL599,4.110698297493689,,1
CN1CCN(CC/C=C2/c3ccccc3Sc3ccc(S(=O)(=O)N(C)C)cc32)CC1,CHEMBL1201,4.517126416391246,,1
O=C(NC1Cc2ccccc2N(C[C@@H](O)CO)C1=O)c1cc2cc(Cl)ccc2[nH]1,CHEMBL234952,4.719194071606333,,1
CN(C)C(=O)CCSC(SCCC(=O)O)c1cccc(/C=C/c2ccc3ccc(Cl)cc3n2)c1,CHEMBL15177,5.4540786251309505,,1
CC(=O)Nc1ccc(O)cc1,CHEMBL112,3.0,<,0
C=C1CC[C@@]2(O)[C@H]3Cc4ccc(O)c5c4[C@@]2(CCN3CC2CC2)[C@H]1O5,CHEMBL982,3.8761483590329133,<,0
Cn1nnc2c(C(N)=O)ncn2c1=O,CHEMBL810,3.8761483590329133,<,0
COc1cc(N)c(Cl)cc1C(=O)N[C@H]1CCN(CCCOc2ccc(F)cc2)C[C@H]1OC,CHEMBL4096162,4.657577319177793,,1
CCOC(=O)n1ccn(C)c1=S,CHEMBL508102,3.0,<,0
CCCN1CCCC[C@H]1C(=O)Nc1c(C)cccc1C,CHEMBL1077896,3.1894986522334703,,1
Nc1ccn([C@H]2CC[C@@H](CO)O2)c(=O)n1,CHEMBL853,3.8761483590329133,<,0
C[C@]12CC[C@@H]3c4ccc(O)cc4C[C@@H](CCCCCCCCC[S+]([O-])CCCC(F)(F)C(F)(F)F)[C@H]3[C@@H]1CC[C@@H]2O,CHEMBL1358,3.8761483590329133,<,0
CCOC(=O)c1ccc(C#Cc2ccc3c(c2)C(C)(C)CCS3)nc1,CHEMBL1657,3.8761483590329133,<,0
CCNC(=O)[C@@H]1CCCN1C(=O)[C@H](CCCNC(=N)N)NC(=O)[C@H](CC(C)C)NC(=O)[C@@H](CC(C)C)NC(=O)[C@H](Cc1ccc(O)cc1)NC(=O)[C@H](CO)NC(=O)[C@H](Cc1c[nH]c2ccccc12)NC(=O)[C@H](Cc1c[nH]cn1)NC(=O)[C@@H]1CCC(=O)N1,CHEMBL1200775,3.8761483590329133,<,0
Cc1onc(-c2c(Cl)cccc2Cl)c1C(=O)N[C@@H]1C(=O)N2[C@@H](C(=O)O)C(C)(C)S[C@H]12,CHEMBL893,4.445549229535478,,1
O=C(NCC1CCCCN1)c1cc(OCC(F)(F)F)ccc1OCC(F)(F)F,CHEMBL652,3.6623411089738576,,1
O=CN(O)C(CCc1ccccc1)CS(=O)(=O)N1CCN(c2ccc(F)cc2)CC1,CHEMBL4093107,5.0,>,1
O=CN(O)C(CCc1cccnc1)CS(=O)(=O)N1CCN(c2ccc(Cl)cn2)CC1,CHEMBL4105304,5.0,>,1
CC[C@@H](C(N)=O)N1CCCC1=O,CHEMBL1286,3.0,<,0
CN1C(C(=O)Nc2ccccn2)=C(O)c2sc(Cl)cc2S1(=O)=O,CHEMBL1569487,5.121478204498794,,1
CCC(=O)O[C@H]1[C@H](O[C@@H]2[C@@H](C)[C@H](O[C@H]3C[C@@](C)(OC)[C@@H](O)[C@H](C)O3)[C@@H](C)C(=O)O[C@H](CC)[C@@](C)(O)[C@H](O)[C@@H](C)C(=O)[C@H](C)C[C@@]2(C)O)O[C@H](C)C[C@@H]1N(C)C,CHEMBL2218877,5.053109812888864,,1
Cc1cccc(C)c1NC(=O)[C@H]1CCCCN1C,CHEMBL4090631,3.0,<,0
CCCc1c(OCCCOc2ccc3c(=O)cc(CCC(=O)O)oc3c2CCC)ccc(C(C)=O)c1O,CHEMBL4089594,5.0,>,1
CC(=O)[N-]S(=O)(=O)c1ccc(N)cc1,CHEMBL1200416,3.8761483590329133,<,0
CC[C@@]1(O)C(=O)OCc2c1cc1n(c2=O)Cc2cc3c([N+](=O)[O-])cccc3nc2-1,CHEMBL77305,3.8761483590329133,<,0
CC(C)c1nc(CN(C)C(=O)N[C@H](C(=O)N[C@@H](Cc2ccccc2)C[C@H](O)[C@H](Cc2ccccc2)NC(=O)OCc2cncs2)C(C)C)cs1,CHEMBL163,5.69153513002433,,1
CS(=O)(=O)OCCCCOS(C)(=O)=O,CHEMBL820,3.0,<,0
COc1ccc(-c2ccc3cc(C(=O)O)ccc3c2)cc1C12CC3CC(CC(C3)C1)C2,CHEMBL1265,3.8761483590329133,<,0
CC(C)NNC(=O)c1ccncc1,CHEMBL92401,3.0,<,0
C/C(=N\OC(C)(C)C(=O)O)c1csc(N)n1,CHEMBL4086814,3.0,<,0
CN[C@@H]1[C@H](O[C@H]2[C@H](O[C@@H]3[C@@H](N=C(N)N)[C@H](O)[C@@H](N=C(N)N)[C@H](O)[C@H]3O)O[C@@H](C)[C@]2(O)C=O)O[C@@H](CO)[C@H](O)[C@H]1O,CHEMBL372795,3.0,<,0
CNCCC(Oc1ccc(C(F)(F)F)cc1)c1ccccc1,CHEMBL41,3.7541588633495833,,1
Cc1c(C)c2c(c(C)c1O)CCC(C)(COc1ccc(CC3SC(=O)NC3=O)cc1)O2,CHEMBL408,5.342192373419961,,1
COc1ccc(C2Sc3ccccc3N(CCN(C)C)C(=O)C2OC(C)=O)cc1,CHEMBL603584,4.0860802350485335,,1
OCCN1CCN(CCCN2c3ccccc3Sc3ccc(Cl)cc32)CC1,CHEMBL567,4.024369220882371,,1
CC(=O)Oc1ccccc1C(=O)O,CHEMBL25,3.8761483590329133,<,0
N[C@@H](Cc1cc(I)c(Oc2ccc(O)c(I)c2)c(I)c1)C(=O)[O-],CHEMBL1201119,4.948076083953894,>,1
CC(CNC1CCCCC1)OC(=O)c1ccccc1,CHEMBL1200715,3.296107046367456,,1
Cn1c(=O)n(-c2ccc(C(C)(C)C#N)cc2)c2c3cc(-c4cnc5ccccc5c4)ccc3ncc21,CHEMBL1879463,5.102372908709559,,1
COc1cc2ncnc(Nc3ccc(F)c(Cl)c3)c2cc1OCCCN1CCOCC1,CHEMBL939,4.962573502059376,,1
C[C@H](CC(=O)Nc1c(Cl)ccc2nc(N3CC[C@H](N)C3)ccc12)c1ccccc1,CHEMBL4087891,4.568153954301276,>,1
COc1ccc(-c2cc(C(F)F)nn2-c2ccc(S(N)(=O)=O)cc2)cc1F,CHEMBL28636,4.695078838099108,,1
CCC(=O)O[C@]1(C(=O)CCl)[C@@H](C)C[C@H]2[C@@H]3CCC4=CC(=O)C=C[C@]4(C)[C@@]3(F)[C@@H](O)C[C@@]21C,CHEMBL1159650,5.070581074285707,,1
CCOC(=O)N1CCC(=C2c3ccc(Cl)cc3CCc3cccnc32)CC1,CHEMBL998,4.920818753952375,,1
C/C=C/C[C@@H](C)[C@@H](O)[C@H]1C(=O)N[C@@H](CC)C(=O)N(C)CC(=O)N(C)[C@@H](CC(C)C)C(=O)N[C@@H](C(C)C)C(=O)N(C)[C@@H](CC(C)C)C(=O)N[C@@H](C)C(=O)N[C@H](C)C(=O)N(C)[C@@H](CC(C)C)C(=O)N(C)[C@@H](CC(C)C)C(=O)N(C)[C@@H](C(C)C)C(=O)N1C,CHEMBL160,6.261439372640169,,1
Cc1nc(=O)c2cc(CN(C)c3ccc(C(=O)N[C@@H](CCC(=O)O)C(=O)O)s3)ccc2[nH]1,CHEMBL225071,3.8761483590329133,<,0
CC(c1cc2ccccc2s1)N(O)C(N)=O,CHEMBL93,3.0,<,0
Cc1onc(-c2c(F)cccc2Cl)c1C(=O)N[C@@H]1C(=O)N2[C@@H](C(=O)O)C(C)(C)S[C@H]12,CHEMBL222645,4.353470078375265,,1
CC(C)[N+](C)(CCOC(=O)C1c2ccccc2Oc2ccccc21)C(C)C,CHEMBL1240,3.535659515372333,,1
NS(=O)(=O)c1cc2c(cc1Cl)N=C(CSCc1ccccc1)NS2(=O)=O,CHEMBL1201039,4.240861183718834,,1
Cc1cc(CCC(=O)O)cc(C)c1-c1nc2ccc(-c3nnc(Nc4cccc(Cl)c4)o3)cc2[nH]1,CHEMBL4100817,5.0,>,1
Cc1cc(NS(=O)(=O)c2ccc(N)cc2)no1,CHEMBL443,3.0,<,0
CCCC1O[C@@H]2C[C@H]3[C@@H]4CCC5=CC(=O)C=C[C@]5(C)[C@H]4[C@@H](O)C[C@]3(C)[C@]2(C(=O)CO)O1,CHEMBL1370,4.337242168318426,,1
O=C(Cn1ccnc1[N+](=O)[O-])NCc1ccccc1,CHEMBL110,3.8761483590329133,<,0
COc1cc2nc(N3CCN(C(=O)C4COc5ccccc5O4)CC3)nc(N)c2cc1OC,CHEMBL1200561,4.346787486224656,,1
CCCCC[C@H](O)/C=C/[C@H]1[C@H](O)C[C@H](O)[C@@H]1C/C=C\CCCC(=O)O,CHEMBL1200896,3.8761483590329133,<,0
COc1cc2nc(N(C)CCCNC(=O)C3CCCO3)nc(N)c2cc1OC,CHEMBL1723,3.8761483590329133,<,0
CS(=O)(=O)c1ccc([C@@H](O)[C@@H](CO)NC(=O)C(Cl)Cl)cc1,CHEMBL1236282,3.8761483590329133,<,0
CN(C)C(=O)C(CCN1CCC(O)(c2ccc(Cl)cc2)CC1)(c1ccccc1)c1ccccc1,CHEMBL841,4.173925197299174,,1
O=C(O)COC(=O)Cc1ccccc1Nc1c(Cl)cccc1Cl,CHEMBL93645,3.9788107009300617,,1
CCN1CCCC1CNC(=O)c1cc(S(N)(=O)=O)ccc1OC,CHEMBL26,3.2531029597980297,,1
OC(CCN1CCCC1)(c1ccccc1)C1CCCCC1,CHEMBL86715,3.8761483590329133,<,0
Nc1c(CC(=O)O)cccc1C(=O)c1ccc(Br)cc1,CHEMBL1077,3.8761483590329133,<,0
C[C@]12C/C(=C/O)C(=O)C[C@@H]1CC[C@@H]1[C@@H]2CC[C@@]2(C)[C@H]1CC[C@]2(C)O,CHEMBL1200585,4.3124710387853655,,1
COCCc1ccc(OCC(O)CNC(C)C)cc1,CHEMBL13,3.8761483590329133,<,0
CC(C)(C)c1ccc(C(O)CCCN2CCC(C(O)(c3ccccc3)c3ccccc3)CC2)cc1,CHEMBL17157,4.316927722315889,,1
COCCCOc1cc(C[C@@H](C[C@H](N)[C@@H](O)C[C@H](C(=O)NCC(C)(C)C(N)=O)C(C)C)C(C)C)ccc1OC,CHEMBL3545059,3.8761483590329133,<,0
CCCc1c2nc(C(=O)O)cc(O)c2cc2c(=O)cc(C(=O)O)oc12,CHEMBL1206586,3.0,<,0
Cc1ccc(NC(=O)c2cccc(-c3ccco3)c2)cc1-n1cnc2ccc(N3CCN(C)CC3)cc2c1=O,CHEMBL4086948,5.0,>,1
CC(C)(C)NC(=O)[C@@H]1C[C@@H]2CCCC[C@@H]2CN1C[C@@H](O)[C@H](Cc1ccccc1)NC(=O)[C@H](CC(N)=O)NC(=O)c1ccc2ccccc2n1,CHEMBL114,5.385736614014672,,1
O=CN(O)C(CCc1ncccn1)CS(=O)(=O)N1CCN(c2ccc(Cl)cn2)CC1,CHEMBL4075098,5.0,>,1
CN1CC(=O)N=C1NC(=O)Nc1cccc(Cl)c1,CHEMBL239800,3.0,<,0
c1ccc(CC2=NCCN2)cc1,CHEMBL770,3.0,<,0
Nc1nc(N)c2nc(-c3ccccc3)c(N)nc2n1,CHEMBL585,3.8761483590329133,<,0
CCCc1cc(=O)[nH]c(=S)[nH]1,CHEMBL1518,3.8761483590329133,<,0
CC(C)NCC(O)c1ccc(NS(C)(=O)=O)cc1,CHEMBL471,3.8761483590329133,<,0
COc1ccc(-n2[nH]c(=O)c3[nH]c4cc(Cl)ccc4c(=O)c3c2=O)c(C)c1,CHEMBL4099756,3.309803919971486,,1
NCC1(CC(=O)O)CCCCC1,CHEMBL940,3.0,<,0
COc1cc2nc(N3CCN(C(=O)c4ccco4)CC3)nc(N)c2cc1OC,CHEMBL2,3.7087005699354894,,1
Cc1cccc(N(C)C(=S)Oc2ccc3ccccc3c2)c1,CHEMBL83668,4.431234351844711,,1
Cn1c(=O)c2c(ncn2CC(O)CO)n(C)c1=O,CHEMBL1752,3.0,<,0
C=C(c1ccc(C(=O)O)cc1)c1cc2c(cc1C)C(C)(C)CCC2(C)C,CHEMBL1023,3.8761483590329133,<,0
CC(C)c1nc(N(C)S(C)(=O)=O)nc(-c2ccc(F)cc2)c1/C=C/[C@@H](O)C[C@@H](O)CC(=O)[O-],CHEMBL1744447,3.8761483590329133,<,0
CCN(CC)CCOc1ccc2c(c1)C(=O)c1cc(OCCN(CC)CC)ccc1-2,CHEMBL47298,3.8761483590329133,<,0
c1cnc(N2CCN(Cc3ccc4c(c3)OCO4)CC2)nc1,CHEMBL1371770,3.8761483590329133,<,0
O=C(CCCCCCC(=O)Nc1ccccc1)NO,CHEMBL98,3.8761483590329133,<,0
O=C(O)CCn1c2c(c3ccccc31)C[C@H](NS(=O)(=O)c1ccc(F)cc1)CC2,CHEMBL361812,4.204815410317576,,1
CCN(CC)CCNC(=O)c1ccc(NC(C)=O)cc1,CHEMBL1097,3.0,<,0
CC(C)Cn1cnc2c(N)nc3ccccc3c21,CHEMBL1282,3.8761483590329133,<,0
C[C@@H]1C[C@H]2[C@@H]3CCC4=CC(=O)C=C[C@]4(C)[C@@]3(F)[C@@H](O)C[C@]2(C)[C@@]1(O)C(=O)CO,CHEMBL384467,3.8408228901829835,,1
CC(C)NCC(O)COc1cccc2ccccc12,CHEMBL27,3.0,<,0
CC(C)NCC(O)c1ccc(O)c(O)c1,CHEMBL434,3.0,<,0
Clc1ccccc1C(c1ccccc1)(c1ccccc1)n1ccnc1,CHEMBL104,5.0,>,1
C[C@H](CN(C(=O)c1ccc(C#N)cc1)c1ccccn1)N1CCN(c2cccc3c2OCCO3)CC1,CHEMBL372205,5.0,>,1
Cc1cc(NC(=O)C2=C(O)c3ccccc3S(=O)(=O)N2C)no1,CHEMBL53292,3.8761483590329133,<,0
Oc1ccc(C2CNCCc3c2cc(O)c(O)c3Cl)cc1,CHEMBL1026,3.0,<,0
CC(=O)Nc1nnc(S(N)(=O)=O)s1,CHEMBL20,3.8761483590329133,<,0
OCCN1CCN(CCCN2c3ccccc3Sc3ccc(C(F)(F)F)cc32)CC1,CHEMBL1200792,4.3235147591820144,,1
Cc1cnc(C(=O)NCCc2ccc(S(=O)(=O)NC(=O)NC3CCCCC3)cc2)cn1,CHEMBL1073,3.8761483590329133,<,0
Cc1ccc(C(=O)c2cc(O)c(O)c([N+](=O)[O-])c2)cc1,CHEMBL1324,4.340719460779741,,1
CO[C@H]1/C=C/O[C@@]2(C)Oc3c(C)c(O)c4c(O)c(c(/C=N/N5CCN(C)CC5)c(O)c4c3C2=O)NC(=O)/C(C)=C\C=C\[C@H](C)[C@H](O)[C@@H](C)[C@@H](O)[C@H](C)[C@H](OC(C)=O)[C@H]1C,CHEMBL3392927,5.0,>,1
O=NN(CCCl)C(=O)NCCCl,CHEMBL513,3.489116310343163,,1
CN1CCC[C@H]1c1cccnc1,CHEMBL3,3.0,<,0
CCN(CC)CCOC(=O)c1ccc(N)cc1Cl,CHEMBL1179047,3.0,<,0
O=c1n(CCCN2CCN(c3cccc(Cl)c3)CC2)nc2ccccn12,CHEMBL1200798,3.8203618650087936,,1
C[N+]1(C)[C@H]2C[C@H](OC(=O)C(O)(c3cccs3)c3cccs3)C[C@@H]1[C@H]1O[C@@H]21,CHEMBL1900528,3.0,<,0
O=C(C1CCCCC1)N1CC(=O)N2CCc3ccccc3C2C1,CHEMBL976,4.135766977018235,,1
N=C(N)NCCCC[C@@H]1NC(=O)CCSSC[C@@H](C(N)=O)NC(=O)[C@@H]2CCCN2C(=O)[C@H](Cc2c[nH]c3ccccc23)NC(=O)[C@H](CC(=O)O)NC(=O)CNC1=O,CHEMBL4068311,3.8761483590329133,<,0
Cc1cc(C(C)(C)C)cc(C)c1CC1=NCCN1,CHEMBL312448,3.0990323760808764,<,0
C#C[C@]1(O)CC[C@H]2[C@@H]3CCC4=CC(=O)CC[C@@H]4[C@H]3CC[C@@]21CC,CHEMBL1389,3.8761483590329133,<,0
CC[C@]1(O)C[C@H]2CN(CCc3c([nH]c4ccccc34)[C@@](C(=O)OC)(c3cc4c(cc3OC)N(C=O)[C@H]3[C@@](O)(C(=O)OC)[C@H](OC(C)=O)[C@]5(CC)C=CCN6CC[C@]43[C@@H]65)C2)C1,CHEMBL501867,3.8761483590329133,<,0
O=C(O)c1cn(C2CC2)c2cc(N3CCNCC3)c(F)cc2c1=O,CHEMBL8,3.0,<,0
Nc1ccn([C@@H]2CS[C@H](CO)O2)c(=O)n1,CHEMBL141,3.8761483590329133,<,0
CCCSc1ccc2nc(NC(=O)OC)[nH]c2c1,CHEMBL1483,3.8761483590329133,<,0
CN1CCN(c2c(F)cc3c(=O)c(C(=O)O)cn(CCF)c3c2F)CC1,CHEMBL6273,3.8761483590329133,<,0
Cc1cn([C@H]2C[C@H](N=[N+]=[N-])[C@@H](CO)O2)c(=O)[nH]c1=O,CHEMBL129,3.8761483590329133,<,0
O=C(O)c1ccc(NC(=O)[C@H](Cc2ccc(O)cc2)NC(=O)c2ccccc2)cc1,CHEMBL1200368,3.629301907424424,,1
CN1CCN(C2=Nc3ccccc3Oc3ccc(Cl)cc32)CC1,CHEMBL1201155,4.113509274827518,,1
O=c1ncnc2[nH][nH]cc1-2,CHEMBL1467,3.8761483590329133,<,0
C[C@]12CC[C@H]3[C@@H](CC=C4C[C@@H](O)CC[C@@]43C)[C@@H]1CC=C2c1cccnc1,CHEMBL254328,3.8761483590329133,<,0
COc1ccccc1OCC(O)COC(N)=O,CHEMBL1201117,3.0,<,0
O=C1C(CC[S+]([O-])c2ccccc2)C(=O)N(c2ccccc2)N1c1ccccc1,CHEMBL832,4.9586073148417755,,1
CC(=O)Nc1ccc(/C=N/NC(N)=S)cc1,CHEMBL375492,3.8761483590329133,<,0
CC(C)C[C@H](NC(=O)[C@H](Cc1ccccc1)NC(=O)c1cnccn1)B(O)O,CHEMBL325041,3.8761483590329133,<,0
CC[C@@]1(O)C(=O)OCc2c1cc1n(c2=O)Cc2cc3ccccc3nc2-1,CHEMBL65,3.8761483590329133,<,0
C[C@@H]1CCN(C(=O)CC#N)C[C@@H]1N(C)c1ncnc2[nH]ccc12,CHEMBL221959,3.8761483590329133,<,0
NC(=O)NC(=O)Cc1ccccc1,CHEMBL918,3.0,<,0
Clc1cccc(N2CCNCC2)c1,CHEMBL478,3.8761483590329133,<,0
O=C1NCCN1CCN1CCC(c2cn(-c3ccc(F)cc3)c3ccc(Cl)cc23)CC1,CHEMBL12713,4.082494490447453,,1
CC(=O)SCC(Cc1ccccc1)C(=O)NCC(=O)OCc1ccccc1,CHEMBL2103772,4.692503962086787,,1
C#C[C@]1(OC(C)=O)CC[C@H]2[C@@H]3CCC4=C[C@@H](OC(C)=O)CC[C@@H]4[C@H]3CC[C@@]21C,CHEMBL1200624,4.2076083105017466,,1
CCN(C(C)=O)c1cccc(-c2ccnc3c(C#N)cnn23)c1,CHEMBL1521,3.8761483590329133,<,0
CC(=O)OCC(CCn1cnc2cnc(N)nc21)COC(C)=O,CHEMBL880,3.8761483590329133,<,0
Nc1nc(Cl)nc2c1ncn2[C@H]1C[C@H](O)[C@@H](CO)O1,CHEMBL1619,3.8761483590329133,<,0
N=C(N)NCCC[C@@H](NC(=O)[C@@H]1CCCN1C(=O)[C@@H]1CSSCCC(=O)N[C@@H](Cc2ccc(O)cc2)C(=O)N[C@@H](Cc2ccccc2)C(=O)N[C@@H](CCC(N)=O)C(=O)N[C@@H](CC(N)=O)C(=O)N1)C(=O)NCC(N)=O,CHEMBL1200556,3.8761483590329133,<,0
CC[C@H](C)[C@H](NC(=O)[C@H](CCC(=O)O)NC(=O)[C@H](CCC(=O)O)NC(=O)[C@H](Cc1ccccc1)NC(=O)[C@H](CC(=O)O)NC(=O)CNC(=O)[C@H](CC(N)=O)NC(=O)CNC(=O)CNC(=O)CNC(=O)CNC(=O)[C@@H]1CCCN1C(=O)[C@H](CCCNC(=N)N)NC(=O)[C@@H]1CCCN1C(=O)[C@H](N)Cc1ccccc1)C(=O)N1CCC[C@H]1C(=O)N[C@@H](CCC(=O)O)C(=O)N[C@@H](CCC(=O)O)C(=O)N[C@@H](Cc1ccc(O)cc1)C(=O)N[C@@H](CC(C)C)C(=O)O,CHEMBL2103749,3.8761483590329133,<,0
CCOC(=O)[C@H](CCc1ccccc1)N[C@@H](C)C(=O)N1CCC[C@H]1C(=O)O,CHEMBL1200659,3.8761483590329133,<,0
NS(=O)(=O)c1cc2c(cc1Cl)NCNS2(=O)=O,CHEMBL435,3.8761483590329133,<,0
CCCN1C[C@H](CSC)C[C@@H]2c3cccc4[nH]cc(c34)C[C@H]21,CHEMBL1275,3.8761483590329133,<,0
N=C(N)NCCN1CCCCCCC1,CHEMBL765,3.0,<,0
CCCCCCCCCC(=O)N[C@@H](Cc1c[nH]c2ccccc12)C(=O)N[C@@H](CC(N)=O)C(=O)N[C@@H](CC(=O)O)C(=O)N[C@@H]1C(=O)NCC(=O)N[C@@H](CCCN)C(=O)N[C@@H](CC(=O)O)C(=O)N[C@H](C)C(=O)N[C@@H](CC(=O)O)C(=O)NCC(=O)N[C@H](CO)C(=O)N[C@@H]([C@@H](C)CC(=O)O)C(=O)N[C@@H](CC(=O)c2ccccc2N)C(=O)O[C@@H]1C,CHEMBL1649722,3.8761483590329133,<,0
NC(=O)c1ncn([C@@H]2O[C@H](CO)[C@@H](O)[C@H]2O)c1O,CHEMBL245019,3.8761483590329133,<,0
CNNCc1ccc(C(=O)NC(C)C)cc1,CHEMBL1200410,3.8761483590329133,<,0
Cc1noc(NS(=O)(=O)c2ccc(N)cc2)c1C,CHEMBL453,3.0,<,0
CC(=O)O[C@H]1C[C@@]2(C)[C@@H](C[C@@H](O)[C@H]3[C@@]4(C)CC[C@@H](O)[C@@H](C)[C@@H]4CC[C@@]32C)/C1=C(\CCC=C(C)C)C(=O)O,CHEMBL374975,4.9768864706937,,1
CCC(=O)NCC[C@@H]1CCc2ccc3c(c21)CCO3,CHEMBL1218,3.9277599570112165,,1
CN1CCN(CCCN2c3ccccc3Sc3ccc(C(F)(F)F)cc32)CC1,CHEMBL422,5.0,>,1
NS(=O)(=O)c1cc(C(=O)O)cc(N2CCCC2)c1Oc1ccccc1,CHEMBL349803,3.1020431899930485,<,0
CCCCN1CCCCC1C(=O)Nc1c(C)cccc1C,CHEMBL1200396,3.8761483590329133,<,0
CC[C@H](NC(=O)c1c(O)c(-c2ccccc2)nc2ccccc12)c1ccccc1,CHEMBL10188,5.0,>,1
C[C@]12C[C@H](O)[C@H]3[C@@H](CCC4=CC(=O)C=C[C@@]43C)[C@@H]1CC[C@]2(O)C(=O)CO,CHEMBL131,3.852263129898692,,1
CC(CCc1ccc(O)cc1)NCCc1ccc(O)c(O)c1,CHEMBL926,3.0,<,0
CO/N=C1\CN(c2nc3c(cc2F)c(=O)c(C(=O)O)cn3C2CC2)CC1CN,CHEMBL1200621,3.0,<,0
COc1ccc(OC)c(C(O)C(C)N)c1,CHEMBL524,3.0,<,0
Cc1ccc(/C(=C\CN2CCCC2)c2ccccn2)cc1,CHEMBL855,3.536405597813,,1
CC(C)(C)C(=O)CN1CC2CN(CCCNc3ccc(C#N)cc3)CC(C1)O2,CHEMBL4080616,3.289374984939204,,1
COc1ccc2c(c1)c(CC(=O)O)c(C)n2C(=O)c1ccc(Cl)cc1,CHEMBL6,4.353492783760168,,1
O=C1CCc2cc(OCCCCc3nnnn3C3CCCCC3)ccc2N1,CHEMBL799,3.8761483590329133,<,0
CCN[C@H]1CN(CCCOC)S(=O)(=O)c2sc(S(N)(=O)=O)cc21,CHEMBL220491,3.8761483590329133,<,0
CCC(=O)O[C@]1(C(=O)SCF)[C@H](C)C[C@H]2[C@@H]3C[C@H](F)C4=CC(=O)C=C[C@]4(C)[C@@]3(F)[C@@H](O)C[C@@]21C,CHEMBL1473,3.8761483590329133,<,0
Cc1cc2c(cc(C(=O)O)n2Cc2ccc(Cl)c(Cl)c2)o1,CHEMBL4063979,4.7988761027926214,,1
CN(C)CCOC(C)(c1ccccc1)c1ccccn1,CHEMBL1004,3.0,<,0
Cc1ccccc1C(OCCN(C)C)c1ccccc1,CHEMBL900,3.0,<,0
CCCCCC[C@H]1C(=O)O[C@H](C)[C@H](NC(=O)c2cccc(NC=O)c2O)C(=O)O[C@@H](C)[C@@H]1OC(=O)CC(C)C,CHEMBL211501,4.28577061324221,,1
CCCc1c2c(cc3c(=O)cc(C(=O)O)oc13)CCCC2,CHEMBL2104782,3.217527375833714,,1
CC(/C=C1\SC(=S)N(CC(=O)O)C1=O)=C\c1ccccc1,CHEMBL56337,4.434152181326482,,1
Cc1nnc(C(C)C)n1[C@H]1C[C@@H]2CC[C@H](C1)N2CC[C@H](NC(=O)C1CCC(F)(F)CC1)c1ccccc1,CHEMBL1201187,3.958607314841775,,1
NCC1O[C@H](O[C@@H]2[C@@H](CO)O[C@@H](O[C@@H]3[C@@H](O)[C@H](N)C[C@H](N)[C@H]3O[C@H]3O[C@H](CN)[C@@H](O)[C@H](O)[C@H]3N)[C@@H]2O)[C@H](N)[C@@H](O)[C@@H]1O,CHEMBL3754093,3.8761483590329133,<,0
Nc1ccc(S(=O)(=O)Nc2ccc(Cl)nn2)cc1,CHEMBL1443577,3.0,<,0
CN/C(=N/CCSCc1nc[nH]c1C)NC#N,CHEMBL30,3.0,<,0
OCc1cc(C(O)CNCCCCCCOCCCCc2ccccc2)ccc1O,CHEMBL1082607,3.8761483590329133,<,0
CN(C)CCCN1c2ccccc2CCc2ccc(Cl)cc21,CHEMBL415,4.012587573133294,,1
NCC[C@H](O)C(=O)N[C@@H]1C[C@H](N)[C@@H](O[C@H]2O[C@H](CN)[C@@H](O)[C@H](O)[C@H]2O)[C@H](O)[C@H]1O[C@H]1O[C@H](CO)[C@@H](O)[C@H](N)[C@H]1O,CHEMBL177,3.8761483590329133,<,0
CC(C)(C)NC[C@H](O)COc1nsnc1N1CCOCC1,CHEMBL499,3.8761483590329133,<,0
C[N+](C)(C)CC(O)CC(=O)O,CHEMBL1620698,3.0,<,0
C[C@@](O)(C(=O)Nc1ccc(S(=O)(=O)c2ccc(NCCO)cc2)cc1Cl)C(F)(F)F,CHEMBL4096512,4.5630426693305495,,1
COCCCC/C(=N\OCCN)c1ccc(C(F)(F)F)cc1,CHEMBL1409,3.8761483590329133,<,0
COc1ccc2cc1Oc1cc3c(cc1OC)CC[N+](C)(C)[C@H]3Cc1ccc(cc1)Oc1c(OC)c(OC)cc3c1[C@@H](C2)[N+](C)(C)CC3,CHEMBL1259,3.8761483590329133,<,0
CCCNC(=O)NS(=O)(=O)c1ccc(Cl)cc1,CHEMBL498,3.0,<,0
O=CN(O)[C@@H](CCCc1ncccn1)CS(=O)(=O)N1CCN(c2ccc(Cl)cn2)CC1,CHEMBL4083568,5.0,>,1
COc1ccc2c(c1)C(=O)N(CCc1ccc(S(=O)(=O)NC(=O)NC3CCCCC3)cc1)C(=O)C2(C)C,CHEMBL383634,4.935542010773082,,1
CCCOc1ccc2[nH]c(NC(=O)OC)nc2c1,CHEMBL1087630,3.0,<,0
CC(=O)OCC[N+](C)(C)C,CHEMBL667,3.0,<,0
c1ccc(-c2ccc(C(c3ccccc3)n3ccnc3)cc2)cc1,CHEMBL277535,4.567030709125595,,1
Nc1ccc(O)c(C(=O)O)c1,CHEMBL704,3.4190750243243815,,1
CC(=O)Nc1c(I)c(C(=O)N[C@H]2[C@@H](O)O[C@H](CO)[C@@H](O)[C@@H]2O)c(I)c(N(C)C(C)=O)c1I,CHEMBL1200889,3.0,<,0
COc1c(OC)c(OC(C)=O)c2cc(Cl)ccc2c1OC(C)=O,CHEMBL36648,4.841939206063395,,1
CCn1cc(C(=O)O)c(=O)c2cc(F)c(N3CCN(C)CC3)cc21,CHEMBL267648,3.8761483590329133,<,0
NC(=O)N1c2ccccc2C=Cc2ccccc21,CHEMBL108,3.0,<,0
COc1c(O[C@@H]2O[C@H](CO)[C@@H](O)[C@H](O)[C@H]2O)cc2c(c1OC)-c1ccc(SC)c(=O)cc1C(NC(C)=O)CC2,CHEMBL1705373,3.8761483590329133,<,0
CC(C)(C(=O)c1cccnc1)c1cccnc1,CHEMBL934,3.640164517660112,,1
NC(CO)C(=O)NNCc1ccc(O)c(O)c1O,CHEMBL1096979,3.933301449577005,,1
CCCCOc1ccc(C(=O)CCN2CCCCC2)cc1,CHEMBL1201217,3.560036064079095,,1
Cc1oncc1C(=O)Nc1ccc(C(F)(F)F)cc1,CHEMBL960,3.817915228570041,,1
CN(C)CCCC1(c2ccc(F)cc2)OCc2cc(C#N)ccc21,CHEMBL549,3.8761483590329133,<,0
Cc1cc(Nc2nc(NCc3cc(-c4ccccn4)no3)ncc2Cl)[nH]n1,CHEMBL4074251,5.0,>,1
O=C(O)c1cc2scnc2n1Cc1ccc(Cl)c(Cl)c1,CHEMBL4079187,4.64994590642097,,1
CCOC(=O)[C@H](CCc1ccccc1)N[C@@H](C)C(=O)N1N=C(C(C)(C)C)S[C@H]1C(=O)O,CHEMBL138029,4.869344650977968,>,1
CC[C@@H](Nc1c(Nc2cccc(C(=O)N(C)C)c2O)c(=O)c1=O)c1ccc(C)o1,CHEMBL216981,5.0,>,1
C=C[C@H]1CN2CC[C@H]1C[C@H]2[C@H](O)c1ccnc2ccc(OC)cc12,CHEMBL170,3.8761483590329133,<,0
C[C@H](Oc1ccc(C(F)(F)F)cc1-c1ccc(S(C)(=O)=O)c(C(F)(F)F)c1)C(=O)O,CHEMBL4066640,4.445631999009914,,1
O=c1oc2ccccc2c(O)c1Cc1c(O)c2ccccc2oc1=O,CHEMBL1466,4.398700689805662,,1
CC[C@H]1OC(=O)[C@H](C)[C@@H](O[C@H]2C[C@@](C)(OC)[C@@H](O)[C@H](C)O2)[C@H](C)[C@@H](O[C@@H]2O[C@H](C)C[C@H](N(C)C)[C@H]2O)[C@](C)(O)C[C@@H](C)/C(=N\OCOCCOC)[C@H](C)[C@@H](O)[C@]1(C)O,CHEMBL1214185,3.8761483590329133,<,0
CCN1CCN(C(=O)N[C@@H](C(=O)N[C@@H]2C(=O)N3[C@@H](C(=O)O)C(C)(C)S[C@H]23)c2ccccc2)C(=O)C1=O,CHEMBL702,3.704652851666382,,1
OCCN(CCO)c1nc(N2CCCCC2)c2nc(N(CCO)CCO)nc(N3CCCCC3)c2n1,CHEMBL932,5.3979400086720375,,1
C=CC[C@@H]1/C=C(\C)C[C@H](C)C[C@H](OC)[C@H]2O[C@@](O)(C(=O)C(=O)N3CCCC[C@H]3C(=O)O[C@H](/C(C)=C/[C@@H]3CC[C@@H](O)[C@H](OC)C3)[C@H](C)[C@@H](O)CC1=O)[C@H](C)C[C@@H]2OC,CHEMBL269732,5.1438755557577,,1
CCCc1nc2c(C)cc(-c3nc4ccccc4n3C)cc2n1Cc1ccc(-c2ccccc2C(=O)O)cc1,CHEMBL1017,4.790484985457369,,1
CC(=O)OCC(=O)C1(O)C(C)CC2C3CC(F)C4=CC(=O)C=CC4(C)C3C(O)CC21C,CHEMBL4086898,4.4741780478433375,,1
CC(C)(C)c1cc(C(C)(C)C)c2oc(C(=O)O)cc(=O)c2c1,CHEMBL2105501,5.0,>,1
OCCOCCN1CCN(C(c2ccccc2)c2ccc(Cl)cc2)CC1,CHEMBL896,4.137212901764657,,1
CC1(C)CC(O)CC(C)(C)N1[O],CHEMBL607023,3.0,<,0
O=C1[C@H](CC[C@H](O)c2ccc(F)cc2)[C@@H](c2ccc(O)cc2)N1c1ccc(F)cc1,CHEMBL1138,4.251811972993798,,1
Cc1cc2c(OCC(O)CNC(C)C)cccc2[nH]1,CHEMBL65717,4.445268623324035,,1
Cn1cnc([N+](=O)[O-])c1Sc1ncnc2nc[nH]c12,CHEMBL1542,3.0,<,0
Cc1ccc2c(c1)c1c(n2CCc2ccc(C)nc2)CCN(C)C1,CHEMBL589390,3.8667805432675064,,1
Clc1ccc(COC(Cn2ccnc2)c2ccc(Cl)cc2Cl)c(Cl)c1,CHEMBL1559,4.4875101325081035,,1
C=CC1=C(C(=O)O)N2C(=O)[C@@H](NC(=O)/C(=N\OCC(=O)O)c3csc(N)n3)[C@H]2SC1,CHEMBL1541,3.0,<,0
NC[C@H]1O[C@H](O[C@@H]2[C@@H](N)C[C@@H](N)[C@H](O[C@H]3O[C@H](CO)[C@@H](O)[C@H](N)[C@H]3O)[C@H]2O)[C@H](O)[C@@H](O)[C@@H]1O,CHEMBL1384,3.8761483590329133,<,0
O=C(O)c1ccc(-n2nc(-c3ccccc3O)nc2-c2ccccc2O)cc1,CHEMBL550348,4.2335871528876,,1
Clc1ccc(COC(Cn2ccnc2)c2ccc(Cl)cc2Cl)cc1,CHEMBL808,4.988368498072231,,1
O=c1[nH]c2c(O)ccc(CCNCCCS(=O)(=O)CCCOCCc3ccccc3)c2s1,CHEMBL326239,4.490125714995281,,1
CCCNC(C)(C)COC(=O)c1ccccc1,CHEMBL127810,3.0,<,0
CSc1ccc2c(c1)N(CCC1CCCCN1C)c1ccccc1S2,CHEMBL479,4.613857891069181,,1
CCCC(=O)OCOC(=O)C1=C(C)NC(C)=C(C(=O)OC)C1c1cccc(Cl)c1Cl,CHEMBL1237132,4.439495584804943,,1
CN(C)CC[C@@H](c1ccc(Cl)cc1)c1ccccn1,CHEMBL1200927,3.8761483590329133,<,0
COc1c(C(=O)O)n(Cc2ccc(Cl)c(Cl)c2)c2ccc(O)cc12,CHEMBL4084549,4.402633949733972,,1
CN1C(=O)[C@@H](NC(=O)c2cc3ccccc3[nH]2)N=C(c2ccccc2)c2ccccc21,CHEMBL9506,5.0,>,1
NCCS,CHEMBL602,3.480172006224281,,1
CCOC(=O)c1ncn2c1CN(C)C(=O)c1cc(F)ccc1-2,CHEMBL407,3.0,<,0
CC[C@H](C)[C@H](NC(=O)[C@H](CC(C)C)NC(=O)[C@H](CO)NC(=O)[C@H](Cc1cnc[nH]1)NC(=O)[C@@H](NC(=O)[C@H](CC(C)C)NC(=O)[C@H](CO)NC(=O)[C@@H](NC(=O)[C@H](Cc1ccc(O)cc1)NC(C)=O)[C@@H](C)O)[C@@H](C)CC)C(=O)N[C@@H](CCC(=O)O)C(=O)N[C@@H](CCC(=O)O)C(=O)N[C@@H](CO)C(=O)N[C@@H](CCC(N)=O)C(=O)N[C@@H](CC(N)=O)C(=O)N[C@@H](CCC(N)=O)C(=O)N[C@@H](CCC(N)=O)C(=O)N[C@@H](CCC(=O)O)C(=O)N[C@@H](CCCCN)C(=O)N[C@@H](CC(N)=O)C(=O)N[C@@H](CCC(=O)O)C(=O)N[C@@H](CCC(N)=O)C(=O)N[C@@H](CCC(=O)O)C(=O)N[C@@H](CC(C)C)C(=O)N[C@@H](CC(C)C)C(=O)N[C@@H](CCC(=O)O)C(=O)N[C@@H](CC(C)C)C(=O)N[C@@H](CC(=O)O)C(=O)N[C@@H](CCCCN)C(=O)N[C@@H](Cc1c[nH]c2ccccc12)C(=O)N[C@@H](C)C(=O)N[C@@H](CO)C(=O)N[C@@H](CC(C)C)C(=O)N[C@@H](Cc1c[nH]c2ccccc12)C(=O)N[C@@H](CC(N)=O)C(=O)N[C@@H](Cc1c[nH]c2ccccc12)C(=O)N[C@@H](Cc1ccccc1)C(N)=O,CHEMBL4085102,3.8761483590329133,<,0
CC(C)OC(=O)CCC/C=C\C[C@H]1[C@@H](O)C[C@@H](O)[C@@H]1/C=C/[C@@H](O)COc1cccc(C(F)(F)F)c1,CHEMBL1200799,4.357535479757878,,1
O=C(CCCN1CC=C(n2c(=O)[nH]c3ccccc32)CC1)c1ccc(F)cc1,CHEMBL1108,5.0,>,1
C=CC[N+]1([C@H]2C[C@H]3[C@@H]4CC[C@H]5C[C@H](O)[C@@H](N6CCOCC6)C[C@]5(C)[C@H]4CC[C@]3(C)[C@H]2OC(C)=O)CCCC1,CHEMBL1200648,3.8761483590329133,<,0
NC[C@@H]1O[C@H](O[C@@H]2[C@@H](CO)O[C@@H](O[C@@H]3[C@@H](O)[C@H](N)C[C@H](N)[C@H]3O[C@H]3O[C@H](CN)[C@@H](O)[C@H](O)[C@H]3N)[C@@H]2O)[C@H](N)[C@@H](O)[C@@H]1O,CHEMBL184618,3.8761483590329133,<,0
CCN(CC)CC#CCOC(=O)C(O)(c1ccccc1)C1CCCCC1,CHEMBL1231,4.562249437179613,,1
C[C@H](CCC(=O)O)[C@H]1CC[C@H]2[C@H]3[C@H](CC[C@@]21C)[C@@]1(C)CC[C@@H](O)C[C@H]1C[C@H]3O,CHEMBL240597,4.9746941347352305,,1
CCc1nn(CCCN2CCN(c3cccc(Cl)c3)CC2)c(=O)n1CCOc1ccccc1,CHEMBL623,5.242867264681033,,1
CN(C)C(=O)Oc1ccc[n+](C)c1,CHEMBL812,3.0,<,0
CCCc1c2nc(C(=O)O)cc(Cl)c2cc2c(=O)cc(C(=O)O)oc12,CHEMBL1204931,3.0495377810944024,<,0
CC1=C(CC(=O)O)c2cc(F)ccc2/C1=C\c1ccc([S+](C)[O-])cc1,CHEMBL15770,3.836728946729842,,1
N#Cc1ccccc1OCC(O)CNCCNC(=O)Cc1ccc(O)cc1,CHEMBL87697,3.611898798429484,,1
O=C1CC2(CCCC2)CC(=O)N1CCCCN1CCN(c2ncccn2)CC1,CHEMBL49,4.0365737628447524,,1
Fc1ccc([C@@H]2CCNC[C@H]2COc2ccc3c(c2)OCO3)cc1,CHEMBL1708,3.980054484567363,,1
COC(=O)[C@H]1[C@H]2C[C@@H]3c4[nH]c5cc(OC)ccc5c4CCN3C[C@H]2C[C@@H](OC(=O)c2cc(OC)c(OC)c(OC)c2)[C@@H]1OC,CHEMBL772,5.103020551307048,,1
CN=C(N)NC(=O)Nc1c(C)cccc1C,CHEMBL448416,3.0,<,0
c1ccc2[nH]c(-c3nc4ccccc4[nH]3)nc2c1,CHEMBL1429218,4.504039605118295,,1
COc1ccnc(-c2cccc(C)c2[S+]([O-])c2nc3ccccc3[nH]2)c1,CHEMBL4069683,5.0,>,1
CN(C)[C@@H]1C(O)=C(C(N)=O)C(=O)[C@@]2(O)C(O)=C3C(=O)c4c(O)cccc4[C@@](C)(O)[C@H]3C[C@@H]12,CHEMBL1440,3.8761483590329133,<,0
CC1=C(/C=C/C(C)=C/C=C/C(C)=C/C(=O)O)C(C)(C)CCC1,CHEMBL38,4.438074197530259,,1
COc1cc(C(=O)NCCCCCC(=O)O)cc(OC)c1OC,CHEMBL1418182,3.0,<,0
Cc1ccc(Cl)c(Nc2ccccc2C(=O)O)c1Cl,CHEMBL509,4.564792896759252,,1
C[C@]12CC[C@@H]3c4ccc(O)cc4CC[C@H]3[C@@H]1CC[C@@]2(O)C#N,CHEMBL4060109,4.853871964321762,,1
CC(C(=O)O)c1ccc2c(c1)Cc1cccnc1O2,CHEMBL367463,3.8761483590329133,<,0
C[C@]12CC[C@@H]3c4ccc(O)cc4CC[C@H]3[C@@H]1C[C@@H](O)[C@@H]2O,CHEMBL193482,3.0,<,0
CN1CC(=O)N2[C@H](Cc3c([nH]c4ccccc34)[C@H]2c2ccc3c(c2)OCO3)C1=O,CHEMBL779,3.8761483590329133,<,0
CN1[C@H]2C[C@H](OC(=O)[C@H](CO)c3ccccc3)C[C@@H]1[C@H]1O[C@@H]21,CHEMBL569713,3.0,<,0
CCN(CC)CCNC(=O)c1cc(S(C)(=O)=O)ccc1OC,CHEMBL84158,3.8761483590329133,<,0
O=C(O)Cc1csc(-c2ccc(Cl)cc2)n1,CHEMBL1909282,3.0,<,0
Nc1ccc(S(=O)(=O)Nc2ncccn2)cc1,CHEMBL439,3.0,<,0
C[C@@H](O)[C@H]1C(=O)N2C(C(=O)O)=C(S[C@@H]3CN[C@H](C(=O)Nc4cccc(C(=O)[O-])c4)C3)[C@H](C)[C@H]12,CHEMBL1232,3.8761483590329133,<,0
CN(Cc1cnc2nc(N)nc(N)c2n1)c1ccc(C(=O)N[C@@H](CCC(=O)O)C(=O)O)cc1,CHEMBL34259,3.0,<,0
O=C(NC1CCN(CCc2c[nH]c3ccccc23)CC1)c1ccccc1,CHEMBL279516,3.8164660981669227,,1
CC[C@H](C)C(=O)O[C@H]1C[C@@H](C)C=C2C=C[C@H](C)[C@H](CC[C@@H]3C[C@@H](O)CC(=O)O3)[C@H]21,CHEMBL503,4.714442690992227,,1
Cc1cc2cc3c(C)cc(=O)oc3c(C)c2o1,CHEMBL1475,3.2797579817129434,<,0
COc1ccccc1O,CHEMBL13766,3.0,<,0
CC(C)(C)NCC(O)c1cc(O)cc(O)c1,CHEMBL1760,3.8761483590329133,<,0
CN1CCN2c3ccccc3Cc3ccccc3C2C1,CHEMBL6437,4.3295685906393935,,1
O=C1OC(OC(=O)c2cccnc2Nc2cccc(C(F)(F)F)c2)c2ccccc21,CHEMBL1081506,3.0,<,0
CN(C)C(=O)Oc1cccc([N+](C)(C)C)c1,CHEMBL278020,3.0,<,0
COc1ccc2c(C(=S)N(C)CC(=O)O)cccc2c1C(F)(F)F,CHEMBL436,3.732124580681102,,1
NC[C@@H]1O[C@H](O[C@@H]2[C@@H](CO)O[C@@H](O[C@@H]3[C@@H](O)[C@H](N)C[C@H](N)[C@H]3O[C@H]3O[C@H](CO)[C@@H](O)[C@H](O)[C@H]3N)[C@@H]2O)[C@H](N)[C@@H](O)[C@@H]1O,CHEMBL370143,3.0,<,0
CC[C@H](C)C(=O)O[C@H]1CCC=C2C=C[C@H](C)[C@H](CC[C@@H]3C[C@@H](O)CC(=O)O3)[C@H]21,CHEMBL54440,4.568636235841012,,1
Clc1ccc2c(c1)CCc1cccnc1C2=C1CCNCC1,CHEMBL1172,3.8761483590329133,<,0
CCCc1nn(C)c2c(=O)[nH]c(-c3cc(S(=O)(=O)N4CCN(C)CC4)ccc3OCC)nc12,CHEMBL1737,4.331894252679545,,1
c1ccc(C2(c3ccccc3)CC2C2=NCCN2)cc1,CHEMBL87045,3.8761483590329133,<,0
O=C(c1ccccc1)c1ccc2n1CCC2C(=O)O,CHEMBL1201124,3.8761483590329133,<,0
COc1ccc([C@@H]2Sc3ccccc3N(CCN(C)C)C(=O)[C@@H]2OC(C)=O)cc1,CHEMBL23,3.8761483590329133,<,0
CC(=O)[C@@]1(O)CC[C@H]2[C@@H]3C[C@H](C)C4=CC(=O)C=C[C@]4(C)[C@@]3(F)[C@@H](O)C[C@@]21C,CHEMBL1200600,3.996108833763089,,1
CN(C)C(=O)c1ccc(S(=O)(=O)c2ccc(NC(=O)[C@@](C)(O)C(F)(F)F)c(Cl)c2)cc1,CHEMBL1231132,4.891096872332687,>,1
O=C1CN(/N=C/c2ccc(-c3ccc([N+](=O)[O-])cc3)o2)C(=O)N1,CHEMBL1201288,3.8371370066780734,,1
CCN1CCN(c2cc3c(cc2F)c(=O)c(C(=O)O)cn3C2CC2)CC1,CHEMBL15511,3.0,<,0
CCCCc1oc2ccc(NS(C)(=O)=O)cc2c1C(=O)c1ccc(OCCCN(CCCC)CCCC)cc1,CHEMBL1201729,4.131355561605174,,1
Oc1ccc(Cl)c2cccnc12,CHEMBL225164,3.4476968906616463,,1
C[C@H]1O[C@@H](O[C@H]2[C@@H](O)C[C@H](O[C@H]3[C@@H](O)C[C@H](O[C@H]4CC[C@]5(C)[C@H]6CC[C@]7(C)[C@@H](C8=CC(=O)OC8)CC[C@]7(O)[C@@H]6CC[C@@H]5C4)O[C@@H]3C)O[C@@H]2C)C[C@H](O)[C@@H]1O,CHEMBL254219,4.782976011352908,,1
CC(=O)Oc1ccc(C(c2ccc(OC(C)=O)cc2)c2ccccn2)cc1,CHEMBL942,4.028716436025238,,1
O=C1Nc2ccc(Cl)cc2[C@@](C#CC2CC2)(C(F)(F)F)O1,CHEMBL223228,3.8761483590329133,<,0
O=C(O)c1cc2cc(O)ccc2n1Cc1ccc(Cl)c(C(F)(F)F)c1,CHEMBL4099090,4.733063088840828,,1
CC/C(=C(\c1ccccc1)c1ccc(OCCN(C)C)cc1)c1ccccc1,CHEMBL83,4.230052855227088,,1
CN(C)C(=N)NC(=N)N,CHEMBL1431,3.0,<,0
O=C(O)c1cc(-c2ccccc2)nc2ccccc12,CHEMBL348000,3.065031164378927,,1
N#C[C@@H]1CCCN1C(=O)CNC12CC3CC(CC(O)(C3)C1)C2,CHEMBL142703,3.8761483590329133,<,0
CC(C)NCC(O)c1cc(O)cc(O)c1,CHEMBL776,3.0,<,0
N[C@H]1CCN(c2ccc3c(C(=O)NCC4CCCCC4)c(Cl)ccc3n2)C1,CHEMBL4095592,3.9710222947912217,,1
CN(C)CC/C=C1/c2ccccc2Sc2ccc(Cl)cc21,CHEMBL908,4.5611413405794385,,1
CN/C(=C\[N+](=O)[O-])NCCSCc1ccc(CN(C)C)o1,CHEMBL512,3.0,<,0
C#C[C@@]1(O)CC[C@H]2[C@@H]3CCC4=CC(=O)CC[C@@H]4[C@H]3CC[C@@]21C,CHEMBL4082273,4.259637310505756,,1
CCN(CC)CCOC(=O)C(c1ccccc1)c1ccccc1,CHEMBL353846,3.800244822746525,,1
CCOCn1cnc2c1c(=O)n(CCCCC(C)(C)O)c(=O)n2C,CHEMBL2104934,3.5158425756346183,,1
CN[C@]1(C)[C@H]2CC[C@H](C2)C1(C)C,CHEMBL3546123,3.0,<,0
c1ccc([C@H]2CN3CCSC3=N2)cc1,CHEMBL1454,3.0,<,0
OC[C@H](O)[C@@H](O)[C@H](O[C@@H]1O[C@H](CO)[C@H](O)[C@H](O)[C@H]1O)[C@H](O)CO,CHEMBL1661,3.0,<,0
C[C@@H](c1ncncc1F)[C@](O)(Cn1cncn1)c1ccc(F)cc1F,CHEMBL638,3.8761483590329133,<,0
C[C@@H]1C/C=C/C=C/C=C/C=C/[C@H](O[C@@H]2O[C@H](C)[C@@H](O)[C@H](N)[C@@H]2O)C[C@@H]2O[C@](O)(C[C@@H](O)C[C@H]3O[C@@H]3/C=C/C(=O)O1)C[C@H](O)[C@H]2C(=O)O,CHEMBL1200656,3.8761483590329133,<,0
CCC(NC(C)C)C(O)c1ccc(O)c(O)c1,CHEMBL1201213,3.0,<,0
COC(=O)C1=C(C)NC(C)=C(C(=O)OCC(C)C)C1c1ccccc1[N+](=O)[O-],CHEMBL1726,4.481486060122113,,1
CC(=O)NC[C@H]1CN(c2ccc(-n3cnc(Br)c3)c(F)c2)C(=O)O1,CHEMBL4087053,3.4569257649664684,,1
Nc1ccn([C@@H]2O[C@H](CO)[C@@H](O)[C@@H]2O)c(=O)n1,CHEMBL803,3.8761483590329133,<,0
NC1=NC(=O)C(c2ccccc2)O1,CHEMBL1177,3.8761483590329133,<,0
CO/N=C(\C(=O)N[C@@H]1C(=O)N2C(C(=O)OC(C)OC(C)=O)=C(COC(N)=O)CS[C@H]12)c1ccco1,CHEMBL1095930,3.8761483590329133,<,0
O=c1c(O)c(-c2ccc(O)c(O)c2)oc2cc(O)cc(O)c12,CHEMBL50,3.8761483590329133,<,0
Cc1nc(Nc2ncc(C(=O)Nc3c(C)cccc3Cl)s2)cc(N2CCN(CCO)CC2)n1,CHEMBL1421,4.994327052324006,,1
Cc1c(C(=O)NN2CCCCC2)nn(-c2ccc(Cl)cc2Cl)c1-c1ccc(Cl)cc1,CHEMBL111,4.8336669450287735,,1
CCCCc1cc2ccccc2c(OCCN(C)C)n1,CHEMBL127643,4.163169713511121,,1
CCN1CCC[C@H]1CNC(=O)c1cc(S(N)(=O)=O)ccc1OC,CHEMBL267044,3.8761483590329133,<,0
N=S(=O)(O)Cc1noc2ccccc12,CHEMBL750,3.8761483590329133,<,0
CC(C)n1c(/C=C/[C@@H](O)C[C@@H](O)CC(=O)O)c(-c2ccc(F)cc2)c2ccccc21,CHEMBL1078,4.442492798094341,,1
C=CC(N)CCC(=O)O,CHEMBL89598,3.8761483590329133,<,0
CCN(Cc1ccncc1)C(=O)C(CO)c1ccccc1,CHEMBL1200604,3.82131076022441,,1
COc1nc(C)cnc1NS(=O)(=O)c1cccnc1-c1ccc(CC(C)C)cc1,CHEMBL4060773,4.711080394338273,,1
CON(C)C(=O)c1c(Cn2c(C)nc(Cl)c2Cl)sc2c1c(=O)n(C)c(=O)n2CC(C)C,CHEMBL387125,4.788879458741951,,1
CC12CC3CC(C)(C1)CC(N)(C3)C2,CHEMBL807,3.0,<,0
COc1nc(N)nc2c1ncn2[C@@H]1O[C@H](CO)[C@@H](O)[C@@H]1O,CHEMBL1201112,3.8761483590329133,<,0
CN(C)CCCN1c2ccccc2Sc2ccc(Cl)cc21,CHEMBL71,3.846302069961956,,1
C#Cc1cccc(Nc2ncnc3cc(OCCOC)c(OCCOC)cc23)c1,CHEMBL553,5.0,>,1
CC1=CCC(C(=O)/N=C2\CC=C(S(=O)(=O)O)c3cc(S(=O)(=O)O)cc(S(=O)(=O)O)c32)=C/C1=N/C(=O)C1=CC=C/C(=N\C(=O)/N=C2\C=CC=C(C(=O)/N=C3/CC(C(=O)/N=C4\CC=C(S(=O)(=O)O)c5cc(S(=O)(=O)O)cc(S(=O)(=O)O)c54)=CC=C3C)C2)C1,CHEMBL3040216,3.820357333123892,,1
COCCOC(=O)C1=C(C)NC(C)=C(C(=O)OC(C)C)C1c1cccc([N+](=O)[O-])c1,CHEMBL1428,4.220572456943129,,1
Cc1ccc(NC(=O)c2ccc(CN3CCN(C)CC3)cc2)cc1Nc1nccc(-c2cccnc2)n1,CHEMBL941,4.71239983101581,,1
Bc1ccc(S(=O)(=O)N2CCN(C(=O)N3CCN(c4cc(C)ncn4)CC3)CC2)cc1,CHEMBL4103340,5.0,>,1
O=C1C(O)=C(O)C(=O)C(O)=C1O,CHEMBL1329029,3.0,<,0
O=C1CC[C@@]2(O)[C@H]3Cc4ccc(O)c5c4[C@@]2(CCN3CC2CC2)[C@H]1O5,CHEMBL19019,3.0,<,0
C[C@H]1COc2c(N3CCN(C)CC3)c(F)cc3c(=O)c(C(=O)O)cn1c23,CHEMBL33,3.0,<,0
COc1cc(NS(=O)(=O)c2ccc(N)cc2)nc(OC)n1,CHEMBL62193,3.0,<,0
CCC(COC(=O)c1cc(OC)c(OC)c(OC)c1)(c1ccccc1)N(C)C,CHEMBL190044,5.0,>,1
CC(=O)O[C@H]1C[C@@]2(C)[C@@H](C[C@@H](O)[C@H]3[C@@]4(C)CC[C@@H](O)[C@@H](C)C4CC[C@@]32C)/C1=C(\CCC=C(C)C)C(=O)[O-],CHEMBL2106707,5.0,>,1
Cc1ccc2c(c1)c(-c1ccnc3c(Cl)cccc13)c(C)n2CC(=O)O,CHEMBL378730,5.0,>,1
C=CC1CN2CCC1CC2C(O)c1ccnc2ccccc12,CHEMBL15134,3.0,<,0
N=C(N)NC(=N)NCCc1ccccc1,CHEMBL170988,3.0,<,0
Oc1c(I)cc(I)c2cccnc12,CHEMBL86754,3.0,<,0
CO/N=C(\C(=O)N[C@@H]1C(=O)N2C(C(=O)[O-])=C(COC(C)=O)CS[C@H]12)c1csc(N)n1,CHEMBL1010,3.8761483590329133,<,0
Cc1nc(-c2ccc(OCC(C)C)c(C#N)c2)sc1C(=O)O,CHEMBL1164729,4.367542707815276,,1
CC(C)C(=O)Nc1ccc([N+](=O)[O-])c(C(F)(F)F)c1,CHEMBL806,3.9633272141142317,,1
NS(=O)(=O)c1cc(Cl)c(Cl)c(S(N)(=O)=O)c1,CHEMBL17,3.036637233896264,<,0
CN(Cc1cc(Br)cc(Br)c1N)C1CCCCC1,CHEMBL253376,4.693146251306993,,1
CC(=O)NC[C@H]1CN(c2ccc(C(=O)c3cnc4ccc(Cl)cn34)cc2)C(=O)O1,CHEMBL4065628,4.559878396812197,,1
C=CCN1CC[C@]23c4c5ccc(O)c4O[C@H]2C(=O)CC[C@@]3(O)[C@H]1C5,CHEMBL80,3.260424213674555,,1
CCCCc1ncc(/C=C(\Cc2cccs2)C(=O)O)n1Cc1ccc(C(=O)O)cc1,CHEMBL813,3.8761483590329133,<,0
Cc1cc2c(s1)Nc1ccccc1N=C2N1CCN(C)CC1,CHEMBL715,4.036425703712667,,1
CCCCOC(=O)c1ccc(N)cc1,CHEMBL127516,3.742081549685942,,1
C=C1C[C@@H]2[C@H](CC[C@]3(C)C(=O)CC[C@@H]23)[C@@]2(C)C=CC(=O)C=C12,CHEMBL1200374,4.045757490560675,,1
CCOC(=O)/C=C(C)/C=C/C=C(C)/C=C/c1c(C)cc(OC)c(C)c1C,CHEMBL464,3.8761483590329133,<,0
C[N+]1(C)CCCC(OC(=O)C(O)(c2ccccc2)c2ccccc2)C1,CHEMBL1724,3.0,<,0
Nc1nc(O)c2ncn(COC(CO)CO)c2n1,CHEMBL182,3.8761483590329133,<,0
CN(C)CCCN1c2ccccc2Sc2ccc(C(F)(F)F)cc21,CHEMBL570,4.408824049688208,,1
O=C(NCCN1CCOCC1)c1ccc(Cl)cc1,CHEMBL86304,3.8761483590329133,<,0
O=NN(CCCl)C(=O)NC1CCCCC1,CHEMBL514,3.8761483590329133,<,0
Cc1cccc(C)c1NC1=NCCCS1,CHEMBL297362,3.0,<,0
CCN(CC)Cc1cc(Nc2ccnc3cc(Cl)ccc23)ccc1O,CHEMBL682,4.109243748081782,,1
O=C(O)Cc1ccc(-c2ccccc2)cc1,CHEMBL413965,3.8761483590329133,<,0
CC(C)OC(=O)C(C)(C)Oc1ccc(C(=O)c2ccc(Cl)cc2)cc1,CHEMBL672,4.67261109388169,,1
CC(C)[N+]1(C)C2CCC1CC(OC(=O)C(CO)c1ccccc1)C2,CHEMBL1237108,3.8761483590329133,<,0
CN(C)CCC(c1ccc(Cl)cc1)c1ccccn1,CHEMBL505,3.8761483590329133,<,0
CCCc1c2oc(C(=O)O)cc(=O)c2cc2c(=O)cc(C(=O)O)n(CC)c12,CHEMBL746,3.0,<,0
CN(C)CCC[C@@]1(c2ccc(F)cc2)OCc2cc(C#N)ccc21,CHEMBL1200322,3.8761483590329133,<,0
O=C1CCC(N2C(=O)c3ccccc3C2=O)C(=O)N1,CHEMBL468,3.0,<,0
CO[C@H]1/C=C/O[C@@]2(C)Oc3c(C)c(O)c4c(c3C2=O)C2=NC3(CCN(CC(C)C)CC3)NC2=C(NC(=O)/C(C)=C\C=C\[C@H](C)[C@H](O)[C@@H](C)[C@@H](O)[C@@H](C)[C@H](OC(C)=O)[C@@H]1C)C4=O,CHEMBL444633,4.573488738635425,,1
COc1cc(Nc2ncc(F)c(Nc3ccc4c(n3)NC(=O)C(C)(C)O4)n2)cc(OC)c1OC,CHEMBL475251,3.7064164865038833,,1
CC(=O)Nc1ccc(S(=O)(=O)Nc2ccc([N+](=O)[O-])cc2)cc1,CHEMBL493636,3.8761483590329133,<,0
CC(C)(C)NC[C@@H](O)c1ccc(O)c(CO)c1,CHEMBL69073,3.0,<,0
CN(C)c1ncnc2c1ncn2C1OC(CO)C(N)C1O,CHEMBL4098422,3.0,<,0
O=C1c2ccccc2S(=O)(=O)N1CCCCN1CCN(c2ncccn2)CC1,CHEMBL8412,4.50626319772316,,1
CN1[C@H]2CC[C@@H]1C[C@H](OC(=O)C(CO)c1ccccc1)C2,CHEMBL517712,3.0,<,0
N=c1nc(N2CCCCC2)cc(N)n1O,CHEMBL609587,3.0,<,0
CCCc1c2nc(C(=O)O)cc(C(F)(F)F)c2cc2c(=O)cc(C(=O)O)oc12,CHEMBL1204928,3.438064236686219,,1
CNCC[C@@H](Oc1ccccc1C)c1ccccc1,CHEMBL1702,3.8761483590329133,<,0
COc1ccccc1N1CCN(CCCNc2cc(=O)n(C)c(=O)n2C)CC1,CHEMBL279229,4.211605873825844,,1
CC(O)(CS(=O)(=O)c1ccc(F)cc1)C(=O)Nc1ccc(C#N)c(C(F)(F)F)c1,CHEMBL409,4.3161096559541114,,1
CO[C@@]1(NC(=O)C2SC(=C(C(N)=O)C(=O)O)S2)C(=O)N2C(C(=O)O)=C(CSc3nnnn3C)CS[C@@H]21,CHEMBL474579,3.8761483590329133,<,0
O=C1OC2(c3cc(I)c(O)c(I)c3Oc3c2cc(I)c(O)c3I)c2c(Cl)c(Cl)c(Cl)c(Cl)c21,CHEMBL1160160,5.0,>,1
CNCC(O)c1cccc(O)c1,CHEMBL31457,3.0,<,0
C[C@]12CC[C@H]3[C@@H](CCC4=CC(=O)CC[C@@]43C)[C@@H]1CC[C@@H]2C(=O)CO,CHEMBL1498,4.768020973168496,,1
CN1CCN(CCCN2c3ccccc3Sc3ccc(Cl)cc32)CC1,CHEMBL728,4.230052855227088,,1
Cc1scc2c1N(C(=O)CN1CCN(C)CC1)c1ccccc1NC2=O,CHEMBL253978,3.501276029252096,,1
CN(C)c1ccc(O)c2c1C[C@H]1C[C@H]3[C@H](N(C)C)C(O)=C(C(N)=O)C(=O)[C@@]3(O)C(O)=C1C2=O,CHEMBL1200881,3.8761483590329133,<,0
COc1ccccc1Oc1c(NS(=O)(=O)c2ccc(C(C)(C)C)cc2)nc(-c2ncccn2)nc1OCCO,CHEMBL957,4.591055586718216,,1
C[C@@H](O)[C@H]1C(=O)N2C(C(=O)O)=C(SCCNC=N)C[C@H]12,CHEMBL148,3.0,<,0
C=C(CC)C(=O)c1ccc(OCC(=O)O)c(Cl)c1Cl,CHEMBL456,3.8761483590329133,<,0
Clc1ccc2nsnc2c1NC1=NCCN1,CHEMBL1079,3.8761483590329133,<,0
COC(=O)[C@H]1[C@@H](O)CC[C@H]2CN3CCc4c([nH]c5ccccc45)[C@@H]3C[C@@H]21,CHEMBL15245,3.5951662833800624,,1
OCCN1C[C@H](O)[C@@H](O)[C@H](O)[C@H]1CO,CHEMBL1561,3.8761483590329133,<,0
CC(C)NCC(O)COc1ccc(COCCOC(C)C)cc1,CHEMBL1200708,3.8761483590329133,<,0
CN1C(=O)CC(c2ccccc2)C1=O,CHEMBL797,3.0,<,0
N=C(N)c1ccc(OCCCCCOc2ccc(C(=N)N)cc2)cc1,CHEMBL55,3.0,<,0
COC(=O)C1=C(C)NC(C)=C(C(=O)OCCN(C)Cc2ccccc2)C1c1cccc([N+](=O)[O-])c1,CHEMBL1484,5.11812411587241,,1
Cc1cnc(C(=O)O)c[n+]1[O-],CHEMBL345714,3.8761483590329133,<,0
COc1cc2c(Oc3ccc4[nH]c(C)cc4c3F)ncnc2cc1OCCCN1CCCCC1,CHEMBL4068169,4.643400564275028,,1
O=C(CCCN1CCC(O)(c2ccc(Cl)cc2)CC1)c1ccc(F)cc1,CHEMBL54,4.093532930481086,,1
CN1C(C(=O)Nc2ccccn2)=C(O)c2ccccc2S1(=O)=O,CHEMBL527,3.8761483590329133,<,0
CC(=O)Nc1cc([As](=O)(O)O)ccc1O,CHEMBL1330792,3.0,<,0
C[C@H](N)[C@H](O)c1cccc(O)c1,CHEMBL1201319,3.0,<,0
Cc1nc(C)c(C)nc1C,CHEMBL303697,3.0,<,0
NCC1OC(OC2C(CO)OC(OC3C(O)C(N)CC(N)C3OC3OC(CN)C(O)C(O)C3N)C2O)C(N)C(O)C1O,CHEMBL266347,3.0,<,0
COc1cc2c(c(OC)c1OC)-c1ccc(OC)c(=O)cc1[C@@H](NC(C)=O)CC2,CHEMBL107,3.521284566503441,,1
CC(C)CN(C[C@@H](O)[C@H](Cc1ccccc1)NC(=O)O[C@H]1CCOC1)S(=O)(=O)c1ccc(N)cc1,CHEMBL116,4.4331679877772245,,1
CN(CCOc1ccc(CC2SC(=O)NC2=O)cc1)c1ccccn1,CHEMBL121,5.345116877137729,,1
Cc1cc(C)nc(NS(=O)(=O)c2ccc(N)cc2)n1,CHEMBL446,3.0,<,0
O=c1[nH]c(=O)n([C@@H]2O[C@H](CO)[C@@H](O)[C@@H]2F)cc1I,CHEMBL271475,3.0,<,0
CCN(CC)CCNC(=O)c1cc(Cl)c(N)cc1OC,CHEMBL86,3.8761483590329133,<,0
N[C@H]1C[C@@H]1c1ccccc1,CHEMBL257990,3.9884295564027212,,1
O=C(O)c1ccccc1O,CHEMBL424,3.0,<,0
CC1=C(C(=O)O)N2C(=O)[C@@H](NC(=O)[C@@H](N)c3ccc(O)cc3)[C@H]2SC1,CHEMBL3039310,3.0,<,0
CCOC(=O)C(C)(C)Oc1ccc(Cl)cc1,CHEMBL565,4.185295200448641,,1
C#C[C@]1(O)CC[C@H]2[C@@H]3CCC4=CC(=O)CC[C@@H]4[C@H]3CC[C@@]21C,CHEMBL1162,4.540277894767382,,1
C[C@H](N)C(=O)NCC(=O)N[C@H]1CSSC[C@@H](C(=O)O)NC(=O)[C@H](CO)NC(=O)[C@H]([C@@H](C)O)NC(=O)[C@H](Cc2ccccc2)NC(=O)[C@H]([C@@H](C)O)NC(=O)[C@H](CCCCN)NC(=O)[C@H](Cc2c[nH]c3ccccc23)NC(=O)[C@H](Cc2ccccc2)NC(=O)[C@H](Cc2ccccc2)NC(=O)[C@H](CC(N)=O)NC(=O)[C@H](CCCCN)NC1=O,CHEMBL1823872,3.8761483590329133,<,0
CC(=O)NC[C@H]1CN(c2ccc(N3CCOCC3)c(F)c2)C(=O)O1,CHEMBL126,3.0,<,0
CCOC(=O)c1ccc(N)cc1,CHEMBL278172,3.0,<,0
Cc1nc2n(c(=O)c1CCN1CCC(c3noc4cc(F)ccc34)CC1)CCCC2,CHEMBL85,4.226329705449218,,1
CC1(C)S[C@@H]2[C@H](NC(=O)[C@H](N)c3ccc(O)cc3)C(=O)N2[C@H]1C(=O)O,CHEMBL1082,3.0,<,0
CN(C)CCC(c1ccc(Br)cc1)c1ccccn1,CHEMBL1200961,3.8761483590329133,<,0
COC[C@H]1OC(=O)c2coc3c2[C@@]1(C)C1=C(C3=O)[C@@H]2CCC(=O)[C@@]2(C)C[C@H]1OC(C)=O,CHEMBL428496,4.866461091629782,,1
CCC(=O)OC(OP(=O)(CCCCc1ccccc1)CC(=O)N1CC(C2CCCCC2)CC1C(=O)O)C(C)C,CHEMBL4078476,4.874844170419469,>,1
NC(=O)c1cnccn1,CHEMBL614,3.8761483590329133,<,0
CNC(=O)Oc1ccc2c(c1)[C@]1(C)CCN(C)[C@@H]1N2C,CHEMBL94,3.0,<,0
O=S(=O)(CCOCCc1ccccc1)NCCNCCc1ccc(O)c2nc(O)sc12,CHEMBL111220,4.447453452044338,,1
CCCC(C(=O)OCCN(CC)CC)(c1ccccc1)c1ccccc1,CHEMBL282567,4.879755204453635,>,1
Cc1n[nH]c(C)c1Cc1sc2c(c1C(=O)N1C[C@H](O)CO1)c(=O)n(C)c(=O)n2CC(C)C,CHEMBL375166,3.605898697959955,,1
C[C@@H](O[C@H]1OCCN(Cc2n[nH]c(=O)[nH]2)[C@H]1c1ccc(F)cc1)c1cc(C(F)(F)F)cc(C(F)(F)F)c1,CHEMBL1471,3.8761483590329133,<,0
CC[C@H]1OC(=O)[C@H](C)[C@@H](O[C@H]2C[C@@](C)(OC)[C@@H](O)[C@H](C)O2)C[C@@H](O[C@@H]2O[C@H](C)C[C@H](N(C)C)[C@H]2O)[C@](C)(O)C[C@@H](C)[C@@H]2N[C@@H](COCCOC)O[C@H]([C@H]2C)[C@]1(C)O,CHEMBL4096520,3.8761483590329133,<,0
CC(C)N1CCC(N(C(=O)Cc2ccccc2)c2ccc(Cl)cc2)CC1,CHEMBL87543,3.8761483590329133,<,0
COc1ccc2[nH]c([S+]([O-])Cc3ncc(C)c(OC)c3C)nc2c1,CHEMBL1503,4.064651771005375,,1
Nc1ccc(CN2C(=O)C(Nc3ccc(N4CCOCC4)cc3)=C(c3ccccc3)C2=O)cn1,CHEMBL4089430,5.0,>,1
Clc1ccc(CO/N=C(\Cn2ccnc2)c2ccc(Cl)cc2Cl)c(Cl)c1,CHEMBL1200836,4.30715308072277,,1
Cc1nc2c3c(ccn2c1CO)CCC(c1ccccc1)O3,CHEMBL4102921,5.0,>,1
Cc1cc(-c2ccc(N3C[C@H](Cn4ccnn4)OC3=O)cc2F)on1,CHEMBL233227,3.0,<,0
Nc1ccc([As](=O)([O-])O)cc1,CHEMBL3188525,3.0,<,0
CC(CCc1ccccc1)NC(C)C(O)c1ccc(O)cc1,CHEMBL114655,3.552841968657781,,1
CCN(CC)c1cc(C)nc2ncnn12,CHEMBL132767,3.2021786886359767,,1
CCS[C@]1(SC)CC[C@H]2[C@@H]3CCC4=CC(=O)C=C[C@]4(C)[C@@]3(F)[C@@H](O)C[C@@]21C,CHEMBL1908322,5.0,>,1
C[C@H]1C[C@H]2[C@@H]3CCC4=CC(=O)C=C[C@]4(C)[C@@]3(F)[C@@H](O)C[C@]2(C)[C@@]1(O)C(=O)CO,CHEMBL632,3.8761483590329133,<,0
CC(=O)N1CCN(c2ccc(OCC3COC(Cn4ccnc4)(c4ccc(Cl)cc4Cl)O3)cc2)CC1,CHEMBL157101,5.466076278850909,,1
CN(C)CCC=C1c2ccccc2C=Cc2ccccc21,CHEMBL669,3.968995718636463,,1
CC(=O)c1ccc2c(c1)N(CCCN(C)C)c1ccccc1S2,CHEMBL39560,3.9523358053984396,,1
C[C@@H]1O[C@@H](O[C@H]2C[C@@H](O)[C@]3(CO)[C@H]4[C@H](O)C[C@]5(C)[C@@H](C6=CC(=O)OC6)CC[C@]5(O)[C@@H]4CC[C@]3(O)C2)[C@H](O)[C@H](O)[C@H]1O,CHEMBL222863,3.0,<,0
CCN(CC)C(=O)c1cccnc1,CHEMBL2104607,3.8761483590329133,<,0
O=C1c2c(O)cccc2Cc2cccc(O)c21,CHEMBL46469,3.8761483590329133,<,0
CC(=O)N(CC(O)CO)c1c(I)c(C(=O)NCC(O)CO)c(I)c(C(=O)NCC(O)CO)c1I,CHEMBL1200455,3.8761483590329133,<,0
Cc1ccc(-c2nc3ccc(C)cn3c2CC(=O)N(C)C)cc1,CHEMBL1723343,3.8761483590329133,<,0
Cc1cccc(C)c1OCC(=O)N[C@@H](Cc1ccccc1)[C@@H](O)C[C@H](Cc1ccccc1)NC(=O)[C@H](C(C)C)N1CCCNC1=O,CHEMBL729,4.761953896871205,,1
CC(=O)NS(=O)(=O)c1ccc(NC(=O)c2ccccc2C(=O)O)cc1,CHEMBL2106951,3.0,<,0
NCCc1c[nH]cn1,CHEMBL90,3.0,<,0
CN[C@H]1C(O[C@H]2C(OC3C(O)C(O)C(NC(=N)N)C(O)C3NC(=N)N)OC(C)[C@]2(O)C=O)O[C@H](CO)[C@@H](O)[C@@H]1O,CHEMBL4087771,3.0,<,0
Cc1c(OCC(F)(F)F)ccnc1C[S@@+]([O-])c1nc2ccccc2[nH]1,CHEMBL1201863,3.8761483590329133,<,0
COc1ccc(Cl)cc1C(=O)NCCc1ccc(S(=O)(=O)NC(=O)NC2CCCCC2)cc1,CHEMBL472,5.403989962899913,,1
Cc1cc(C2CCCCC2)n(O)c(=O)c1,CHEMBL1413,3.8761483590329133,<,0
CCCCCNC(=N)N/N=C/c1c[nH]c2ccc(OC)cc12,CHEMBL1516474,3.8761483590329133,<,0
CC1COc2c(N3CCN(C)CC3)c(F)cc3c(=O)c(C(=O)O)cn1c23,CHEMBL4,3.0,<,0
CC(NC(C)(C)C)C(=O)c1cccc(Cl)c1,CHEMBL1698,3.0,<,0
C[C@H](NCc1ccc(OCc2ccccc2F)cc1)C(N)=O,CHEMBL2107771,3.757707095017069,,1
COc1ccc(C(=O)NCc2cccnc2)cc1C(=O)NCc1cccnc1,CHEMBL1257015,3.3555614105321623,,1
N=C1NC(O)CC([C@@H]2NC(=O)/C(=C/NC(N)=O)NC(=O)[C@H](CO)NC(=O)[C@H](CO)NC(=O)[C@@H](NC(=O)CC(N)CCCN)CNC2=O)N1,CHEMBL4065382,3.0,<,0
COC(=O)C1=C(C)NC(C)=C(C(=O)OC(C)C)[C@@H]1c1cccc2nonc12,CHEMBL399539,5.0,>,1
O=S(=O)(CCCOCCc1ccccc1)CCNCCc1ccc(O)c2nc(O)sc12,CHEMBL82663,5.0,>,1
O=c1[nH]cnc2c1ncn2[C@H]1CC[C@@H](CO)O1,CHEMBL1460,3.8761483590329133,<,0
Cc1ccc(-n2c3c/c(=N\C(C)C)c(Nc4ccc(Cl)cc4)cc-3nc3ccccc32)cc1,CHEMBL4097474,3.869988050328096,,1
CN1C(=O)CN=C(c2ccccc2)c2cc(Cl)ccc21,CHEMBL12,3.8761483590329133,<,0
O=C(O)Cc1ccccc1Nc1c(Cl)cccc1Cl,CHEMBL139,4.271917228374222,,1
CC1=C(C)C(=O)C(C(CCCCCC(=O)O)c2ccccc2)=C(C)C1=O,CHEMBL70972,4.844360366240224,>,1
CCc1oc2ccccc2c1C(=O)c1cc(Br)c(O)c(Br)c1,CHEMBL388590,4.770842259435653,,1
CCCCc1nc(Cl)c(CO)n1Cc1ccc(-c2ccccc2-c2nn[n-]n2)cc1,CHEMBL995,5.069050968832476,,1
CC#C[C@]1(O)CC[C@H]2[C@@H]3CCC4=CC(=O)CCC4=C3[C@@H](c3ccc(N(C)C)cc3)C[C@@]21C,CHEMBL1276308,5.694648630553376,,1
CC1Cc2ccccc2N1NC(=O)c1ccc(Cl)c(S(N)(=O)=O)c1,CHEMBL406,3.7526497187200656,,1
CC(C)(C)NC(=O)[C@H]1CC[C@H]2[C@@H]3CC[C@H]4NC(=O)C=C[C@]4(C)[C@H]3CC[C@]12C,CHEMBL710,4.549750891680639,,1
CCC1(c2ccccc2)C(=O)NC(=O)NC1=O,CHEMBL40,3.8761483590329133,<,0
CNC(=O)Oc1ccc2c(c1)C1(C)CCN(C)C1N2C,CHEMBL11773,3.0,<,0
COc1c(C)c2c(c(O)c1C/C=C(\C)CCC(=O)OCCN1CCOCC1)C(=O)OC2,CHEMBL1456,4.1191864077192095,,1
O=C(O)CCCC[C@@H]1CCSS1,CHEMBL134342,3.0,<,0
CN1CCN(C2=Nc3cc(Cl)ccc3Nc3ccccc32)CC1,CHEMBL42,3.8928760351533422,,1
CN1C[C@H](CNC(=O)OCc2ccccc2)C[C@@H]2c3cccc4c3c(cn4C)C[C@H]21,CHEMBL19215,5.0,>,1
C[C@]12CC[C@H]3[C@@H](CC[C@@]45O[C@@H]4C(O)=C(C#N)C[C@]35C)[C@@H]1CC[C@@H]2O,CHEMBL1200907,3.8761483590329133,<,0
Cc1ncc(CO)c(CO)c1O,CHEMBL1364,3.0,<,0
CC(C)(CO)[C@@H](O)C(=O)NCCC(=O)O,CHEMBL1594,3.0,<,0
CN1Cc2c(N)cccc2C(c2ccccc2)C1,CHEMBL273575,3.0,<,0
O=c1[nH]c2ccccc2n1CCCN1CCC(n2c(=O)[nH]c3cc(Cl)ccc32)CC1,CHEMBL219916,3.8761483590329133,<,0
c1ccc2c(CC3=NCCN3)cccc2c1,CHEMBL761,3.0,<,0
CN(CCCN1c2ccccc2CCc2ccccc21)CC(=O)c1ccc(Cl)cc1,CHEMBL87708,3.8761483590329133,<,0
CN1CCC(=C2c3ccccc3CC(=O)c3sccc32)CC1,CHEMBL1633,3.1211225631367596,,1
N[C@@H](Cc1ccc(O)c(O)c1)C(=O)O,CHEMBL1009,3.8761483590329133,<,0
COc1ccc(Nc2ccn(-c3ccccc3)n2)cc1,CHEMBL4070705,4.637706062035768,,1
COCC(=O)O[C@]1(CCN(C)CCCc2nc3ccccc3[nH]2)CCc2cc(F)ccc2[C@@H]1C(C)C,CHEMBL1256688,4.480292940411931,,1
CCCc1c(OCC(O)COc2ccc3c(=O)cc(C(=O)O)oc3c2CCC)ccc(C(C)=O)c1O,CHEMBL267475,5.0,>,1
CN1[C@H]2C[C@H](OC(=O)[C@H](CO)c3ccccc3)C[C@@H]1[C@@H]1O[C@H]12,CHEMBL1187846,3.0,<,0
CC(C)(C#N)c1cc(Cn2cncn2)cc(C(C)(C)C#N)c1,CHEMBL1399,3.8761483590329133,<,0
CCCCC[C@H](O)/C=C/[C@H]1[C@H](O)CC(=O)[C@@H]1CCCCCCC(=O)O,CHEMBL495,3.8761483590329133,<,0
CC1=C(C/C=C(\C)CCCC(C)CCCC(C)CCCC(C)C)C(=O)c2ccccc2C1=O,CHEMBL520156,3.0,<,0
CC(CN(C)C)CN1c2ccccc2Sc2ccccc21,CHEMBL829,4.1324146734529625,,1
C[N+](C)(C)CCOC(N)=O,CHEMBL965,3.0,<,0
CCCc1c2oc(C(=O)O)cc(=O)c2cc2c(=O)cc(C(=O)O)oc12,CHEMBL2110970,3.0,<,0
Cc1cc(=O)[nH]c(=S)[nH]1,CHEMBL1330588,3.0,<,0
N#C/C(=C1/SCC(c2ccccc2Cl)S1)n1ccnc1,CHEMBL1555126,5.0154726866562065,,1
CC(C)[C@H](O)C(=O)N[C@@H](C)C(=O)N[C@@H]1C(=O)N(C)CCc2ccccc21,CHEMBL520733,3.3261500226570506,,1
CCc1cccc(C)c1CNC1=C2NC(C)=C(C)N2CC(C(N)=O)=C1,CHEMBL4104818,5.0,>,1
CCCc1c(OCCCCc2nnn[nH]2)ccc(C(C)=O)c1O,CHEMBL162358,4.968995718636463,>,1
CN(C)CC/C=C1\c2ccccc2COc2ccccc21,CHEMBL860,3.8761483590329133,<,0
Cc1ccccc1OCC(O)CO,CHEMBL229128,3.0,<,0
CN[C@H]1CC[C@@H](c2ccc(Cl)c(Cl)c2)c2ccccc21,CHEMBL809,4.532539890492736,,1
CC(Oc1ccccc1)C(=O)N[C@@H]1C(=O)N2[C@@H](C(=O)O)C(C)(C)S[C@H]12,CHEMBL1614637,5.0,>,1
CO[C@H]1/C=C/O[C@@]2(C)Oc3c(C)c(O)c4c(O)c(c5c(nc6cc(C)ccn65)c4c3C2=O)NC(=O)/C(C)=C\C=C\[C@H](C)[C@H](O)[C@@H](C)[C@@H](O)[C@@H](C)[C@H](OC(C)=O)[C@@H]1C,CHEMBL1617,4.376750709602098,,1
CN1CCOC(c2ccccc2)c2ccccc2C1,CHEMBL465026,3.8761483590329133,<,0
CCOC(=O)[C@H](CCc1ccccc1)N[C@@H](C)C(=O)N1CC2(C[C@H]1C(=O)O)SCCS2,CHEMBL1200831,4.326886895761766,,1
CCOc1ccc(NC(C)=O)cc1,CHEMBL16073,3.8761483590329133,<,0
O=C1CCc2ccc(OCCCCN3CCN(c4cccc(Cl)c4Cl)CC3)cc2N1,CHEMBL1112,3.8761483590329133,<,0
CCN(CC)C(C)CN1c2ccccc2Sc2ccccc21,CHEMBL1206,3.8563607647254567,,1
CCC[S+]([O-])CCCN(CC)CC(O)COc1ccc(C#N)cc1,CHEMBL362103,4.253755128279802,,1
COc1cc(CNC(=O)CCCC/C=C/C(C)C)ccc1O,CHEMBL294199,5.0,>,1
Nc1ccccc1C(=O)NCC(=O)O,CHEMBL276221,3.0,<,0
CCN(CC)C(=O)c1ccc(C(=C2CCNCC2)c2cccc(F)c2)cc1,CHEMBL339457,4.065148197034339,,1
CCCCN(CCCC)CCCOC(=O)c1ccc(N)cc1,CHEMBL129529,3.3120253799654438,,1
CCN(CC)CCOC(=O)c1ccc(N)cc1,CHEMBL569,3.0,<,0
N=C(N)NC(=O)Cc1c(Cl)cccc1Cl,CHEMBL862,3.8761483590329133,<,0
O=c1[nH]c2ccccc2n1C1CCN(CCCC(c2ccc(F)cc2)c2ccc(F)cc2)CC1,CHEMBL1423,5.0,>,1
CN1CCC(OC(c2ccccc2)c2ccccc2)CC1,CHEMBL1492,3.293452897359643,,1
S=P(N1CC1)(N1CC1)N1CC1,CHEMBL671,3.0,<,0
CC(C)(C)C(=O)Oc1ccc(S(=O)(=O)Nc2ccccc2/C(O)=N/CC(=O)O)cc1,CHEMBL76688,3.8471004036062526,,1
Cn1c(=O)c2c(ncn2C)n(C)c1=O,CHEMBL113,3.0,<,0
CC1=C(C(=O)O)N2C(=O)[C@@H](NC(=O)C(N)C3=CCC=CC3)C2SC1,CHEMBL4070977,3.0,<,0
C=C1[C@@H](n2cnc3c(=O)[nH]c(N)nc32)C[C@H](O)[C@H]1CO,CHEMBL713,3.8761483590329133,<,0
Cc1onc(-c2ccccc2)c1-c1ccc(S(N)(=O)=O)cc1,CHEMBL865,3.8761483590329133,<,0
Cc1cccc(Nc2ccccc2C(=O)O)c1C,CHEMBL686,4.026013258762944,,1
CCOC(=O)O[C@]1(C(=O)OCCl)CC[C@H]2[C@@H]3CCC4=CC(=O)C=C[C@]4(C)[C@H]3[C@@H](O)C[C@@]21C,CHEMBL1200865,4.393618634889395,,1
CC(=O)O[C@]1(C(C)=O)CC[C@H]2[C@@H]3C=C(C)C4=CC(=O)CC[C@]4(C)[C@H]3CC[C@@]21C,CHEMBL1201139,4.916052435914903,,1
C[C@@H]1CC[C@H]2[C@@H](C)[C@H](OC(=O)CCC(=O)O)O[C@@H]3O[C@@]4(C)CC[C@@H]1[C@@]23OO4,CHEMBL361497,3.8761483590329133,<,0
COc1c(N2CCNC(C)C2)c(F)cc2c(=O)c(C(=O)O)cn(C3CC3)c12,CHEMBL31,3.8761483590329133,<,0
CCCCOc1cc(C(=O)NCCN(CC)CC)c2ccccc2n1,CHEMBL1086,4.380384994257193,,1
C=CCc1ccccc1OCC(O)CNC(C)C,CHEMBL266195,3.8761483590329133,<,0
CC(C[N+](C)(C)C)OC(N)=O,CHEMBL1482,3.0,<,0
CO[C@H]1/C=C/O[C@@]2(C)Oc3c(C)c(O)c4c(O)c(c(/C=N/N5CCN(C6CCCC6)CC5)c(O)c4c3C2=O)NC(=O)/C(C)=C\C=C\[C@H](C)[C@H](O)[C@@H](C)[C@@H](O)[C@@H](C)[C@H](OC(C)=O)[C@@H]1C,CHEMBL1660,5.003926345514723,,1
COc1ccc(CC2c3cc(OC)c(OC)cc3CC[N+]2(C)CCC(=O)OCCCCCOC(=O)CC[N+]2(C)CCc3cc(OC)c(OC)cc3C2Cc2ccc(OC)c(OC)c2)cc1OC,CHEMBL1200527,3.8761483590329133,<,0
COc1cccc2c1C(=O)c1c(O)c3c(c(O)c1C2=O)C[C@@](O)(C(=O)CO)C[C@@H]3O[C@H]1C[C@H](N)[C@@H](O)[C@H](C)O1,CHEMBL1200981,3.8761483590329133,<,0
C=C(C)[C@H]1Cc2c(ccc3c2O[C@@H]2COc4cc(OC)c(OC)cc4[C@@H]2C3=O)O1,CHEMBL429023,5.096910013008057,,1
Cc1cc(O)cc(C)c1Cl,CHEMBL398440,3.8863908489269714,,1
COc1ccc2[nH]cc(CCNC(C)=O)c2c1,CHEMBL45,3.8761483590329133,<,0
CN1CCc2cccc3c2C1Cc1ccc(O)c(O)c1-3,CHEMBL70099,3.4079343295677527,,1
O=c1ncn2nc(Sc3ccc(F)cc3F)ccc2c1-c1c(Cl)cccc1Cl,CHEMBL119385,5.0,>,1
c1ccc2[nH]c(-c3cscn3)nc2c1,CHEMBL625,3.2518119729937998,,1
CN[C@@H]1C[C@H]2O[C@@](C)([C@@H]1OC)n1c3ccccc3c3c4c(c5c6ccccc6n2c5c31)C(=O)NC4,CHEMBL388978,4.7281583934635005,,1
C[C@H]1O[C@H](O[C@@H]2[C@@H](CO)O[C@H](O[C@@H]3[C@@H](CO)OC(O)[C@H](O)[C@H]3O)[C@H](O)[C@H]2O)[C@H](O)[C@@H](O)[C@@H]1N[C@H]1C=C(CO)[C@@H](O)[C@H](O)[C@H]1O,CHEMBL404271,3.8761483590329133,<,0
CCOC(=O)C1=C(C)NC(C)=C(C(=O)OC)C1c1cccc(Cl)c1Cl,CHEMBL1480,4.15676722190199,,1
Nc1ccn([C@@H]2O[C@H](CO)[C@@H](O)C2(F)F)c(=O)n1,CHEMBL1637,3.8761483590329133,<,0
CNC(=C[N+](=O)[O-])NCCSCc1ccc(CN(C)C)o1,CHEMBL1790041,3.0,<,0
Nc1nc(Cl)nc2c1ncn2[C@@H]1O[C@H](CO)[C@@H](O)[C@@H]1F,CHEMBL1750,3.8761483590329133,<,0
O=C(NCC12CC3CC(CC(C3)C1)C2)c1cc(CN2CCNCC2)ccc1Cl,CHEMBL235789,3.906578314837765,,1
NC(=O)c1ccccc1O,CHEMBL27577,3.0,<,0
CC(C)NCC(O)COc1ccc(CC(N)=O)cc1,CHEMBL24,3.8761483590329133,<,0
COc1cc([C@@H]2c3cc4c(cc3[C@@H](O[C@@H]3O[C@@H]5CO[C@@H](C)O[C@H]5[C@H](O)[C@H]3O)[C@H]3COC(=O)[C@H]23)OCO4)cc(OC)c1OP(=O)(O)O,CHEMBL1200645,3.8761483590329133,<,0
Cc1ccc(NC(=O)c2ccnc(N3CCOCC3)c2)cc1-n1cnc2ccc(N3CCN(C)CC3)cc2c1=O,CHEMBL2031219,5.0,>,1
c1cnc2cc3c(cc2n1)C1CNCC3C1,CHEMBL2062259,3.8761483590329133,<,0
CC1=C(/C=C/C(C)=C/C=C/C(C)=C\C(=O)O)C(C)(C)CCC1,CHEMBL547,4.430626090384954,,1
Nc1ccn(C[C@@H](CO)OCP(=O)(O)O)c(=O)n1,CHEMBL152,3.8761483590329133,<,0
Nc1ncnc2[nH]cnc12,CHEMBL226345,3.0,<,0
CCCCNC(=O)NS(=O)(=O)c1ccc(C)cc1,CHEMBL782,3.0,<,0
CN(C)/N=N/c1[nH]cnc1C(N)=O,CHEMBL476,3.0,<,0
CC(CN1c2ccccc2Sc2ccccc21)N(C)C,CHEMBL643,3.8761483590329133,<,0
CC[C@H]1OC(=O)[C@H](C)[C@H](O[C@H]2C[C@@](C)(OC)[C@@H](O)[C@H](C)O2)[C@H](C)[C@@H](O[C@@H]2O[C@H](C)C[C@H](N(C)C)[C@H]2O)[C@](C)(O)C[C@@H](C)CN(C)[C@H](C)[C@H](O)[C@]1(C)O,CHEMBL4082834,3.0,<,0
Nc1c2c(nc3ccccc13)CCCC2,CHEMBL95,3.0,<,0
CS(=O)(=O)CCNCc1ccc(-c2ccc3ncnc(Nc4ccc(OCc5cccc(F)c5)c(Cl)c4)c3c2)o1,CHEMBL1076241,5.1942546628051165,,1
CN1[C@H]2CC[C@@H]1C[C@H](OC(=O)[C@H](CO)c1ccccc1)C2,CHEMBL1331216,3.0,<,0
CCCNCC(O)COc1ccccc1C(=O)CCc1ccccc1,CHEMBL631,4.040255148163574,,1
CCOC(=O)[C@H](CCc1ccccc1)N[C@@H](C)C(=O)N1[C@H](C(=O)O)C[C@H]2CCCC[C@@H]21,CHEMBL1519,3.8761483590329133,<,0
CCOc1ccc(/C=C2\NCCc3cc(OCC)c(OCC)cc32)cc1OCC,CHEMBL551978,4.431798275933005,,1
CC(=O)Nc1ccccc1OC[C@@H](O)CNC1CCN(Cc2ccc(Cl)cc2)CC1,CHEMBL4070422,4.255159603214621,,1
O=C(O[C@@H]1C[C@@H]2C[C@H]3C[C@H](C1)N2CC3=O)c1c[nH]c2ccccc12,CHEMBL2373322,3.8761483590329133,<,0
Cc1ncc([N+](=O)[O-])n1CC(O)CCl,CHEMBL1449676,3.8761483590329133,<,0
CC(=O)CC(c1ccccc1)c1c([O-])c2ccccc2oc1=O,CHEMBL1200879,3.8761483590329133,<,0
CS(=O)(=O)c1ccc(C2=C(c3ccccc3)C(=O)OC2)cc1,CHEMBL122,3.843958332131287,,1
COc1cc2nc(N3CCN(C(=O)C4CCCO4)CC3)nc(N)c2cc1OC,CHEMBL611,3.8761483590329133,<,0
CCn1cc(C(=O)O)c(=O)c2cc(F)c(N3CCNCC3)nc21,CHEMBL826,3.8761483590329133,<,0
CCOc1ccc2nc3cc(N)ccc3c(N)c2c1,CHEMBL94007,4.361710464585743,,1
CCOC(=O)c1cncn1[C@H](C)c1ccccc1,CHEMBL681,4.210348791206592,,1
CCn1ccnc1CC1COc2ccccc2O1,CHEMBL347695,4.2100669190682485,,1
CC(C)C(=O)N[C@@H](CS)C(=O)O,CHEMBL4098524,3.0,<,0
O=C1Cc2cc(CCN3CCN(c4nsc5ccccc45)CC3)c(Cl)cc2N1,CHEMBL1200997,3.8761483590329133,<,0
S=C=Nc1cccc2ccccc12,CHEMBL1381098,4.19149982943955,,1
FC(F)(F)c1cccc(C2=CCN(CCc3ccc4ccccc4c3)CC2)c1,CHEMBL1512580,3.931443104927637,,1
C[C@@H]1C[C@H]2[C@@H]3CCC4=CC(=O)C=C[C@]4(C)[C@@]3(F)[C@@H](O)C[C@]2(C)[C@H]1C(=O)CO,CHEMBL1766,4.784626847216578,,1
C#CCN(C)Cc1ccccc1,CHEMBL673,3.0,<,0
CCC1(c2ccccc2)C(=O)NCNC1=O,CHEMBL856,3.8761483590329133,<,0
CCc1cc(C(N)=S)ccn1,CHEMBL1441,3.0,<,0
CC(=O)Oc1ccc2c(c1)cc(C(=O)O)n2Cc1ccc(Cl)c(Cl)c1,CHEMBL4097595,4.257982252859862,,1
COc1cc(NS(C)(=O)=O)ccc1Nc1c2ccccc2nc2ccccc12,CHEMBL43,3.8761483590329133,<,0
CC(C)OC(=O)CCC/C=C\C[C@H]1[C@@H](O)C[C@@H](O)[C@@H]1CC[C@@H](O)CCc1ccccc1,CHEMBL1051,4.88941028970075,,1
O=P1(NCCCl)OCCCN1CCCl,CHEMBL1024,3.8761483590329133,<,0
CC1=C(C(=O)O)N2C(=O)[C@@H](NC(=O)[C@H](N)c3ccc(O)cc3)[C@H]2SC1,CHEMBL1644,3.8761483590329133,<,0
CCC(C)n1ncn(-c2ccc(N3CCN(c4ccc(OCC5COC(Cn6cncn6)(c6ccc(Cl)cc6Cl)O5)cc4)CC3)cc2)c1=O,CHEMBL64391,4.7447274948966935,,1
Cc1ccc(C(=O)N2CC3CNCC(C2)O3)cc1NC(=O)CC12CC3CC(CC(C3)C1)C2,CHEMBL550637,4.225410049735205,,1
CC[C@@H](CO)NC(=O)[C@@H]1C=C2c3cccc4c3c(cn4C)C[C@H]2N(C)C1,CHEMBL1065,4.4805658050862975,,1
C(=C/c1ccccc1)\CN1CCN(C(c2ccccc2)c2ccccc2)CC1,CHEMBL43064,4.804100347590767,,1
CCS(=O)(=O)CCn1c([N+](=O)[O-])cnc1C,CHEMBL1220,3.8761483590329133,<,0
COC(=O)[C@H](Cc1ccccc1)NC(=O)[C@@H](N)CC(=O)O,CHEMBL171679,3.0,<,0
CC1(C)O[C@@H]2C[C@H]3[C@@H]4CCC5=CC(=O)CC[C@]5(C)[C@@]4(F)[C@@H](O)C[C@]3(C)[C@]2(C(=O)CCl)O1,CHEMBL1200845,5.0,>,1
CN1CCc2cccc3c2[C@H]1Cc1ccc(O)c(O)c1-3,CHEMBL53,3.64754420346717,,1
COC(=O)[C@H](c1ccccc1Cl)N1CCc2sccc2C1,CHEMBL1083385,4.142667503568732,,1
COc1ccc2c3c1O[C@H]1C[C@@H](O)C=C[C@@]31CCN(C)C2,CHEMBL659,3.8761483590329133,<,0
NNc1nncc2ccccc12,CHEMBL276832,3.0,<,0
C[C@H](N[C@@H](CCc1ccccc1)C(=O)O)C(=O)N1CCC[C@H]1C(=O)O,CHEMBL577,3.0,<,0
COc1cc(C)c(/C=C/C(C)=C/C=C/C(C)=C/C(=O)O)c(C)c1C,CHEMBL1131,4.578932624551609,,1
C[C@H](CS)C(=O)N1CCC[C@H]1C(=O)O,CHEMBL1560,3.8761483590329133,<,0
CNCCCC1c2ccccc2C=Cc2ccccc21,CHEMBL668,3.890759031411797,,1
CN(C)CCOC(c1ccc(Cl)cc1)c1ccccn1,CHEMBL864,3.0,<,0
Clc1ccc(Nc2nnc(Cc3ccncc3)c3ccccc23)cc1,CHEMBL101253,5.0,>,1
CC[C@H]1OC(=O)[C@H](C)[C@@H](O[C@H]2C[C@@](C)(OC)[C@@H](O)[C@H](C)O2)[C@H](C)[C@@H](O[C@@H]2O[C@H](C)C[C@H](N(C)C)[C@H]2O)[C@](C)(OC)C[C@@H](C)C(=O)[C@H](C)[C@@H](O)[C@]1(C)O,CHEMBL1741,3.8761483590329133,<,0
O=C1OC2(c3ccc(O)cc3Oc3cc(O)ccc32)c2ccccc21,CHEMBL1057,3.8761483590329133,<,0
CCOc1cc(CC(=O)N[C@@H](CC(C)C)c2ccccc2N2CCCCC2)ccc1C(=O)O,CHEMBL1272,4.657577319177793,,1
CCOC(=O)C1=C[C@@H](OC(CC)CC)[C@H](NC(C)=O)[C@@H](N)C1,CHEMBL1200340,3.8761483590329133,<,0
C[C@H]1COc2c(C3(N)CC3)c(F)cc3c(=O)c(C(=O)O)cn1c23,CHEMBL240163,3.8761483590329133,<,0
CCCCC[C@H](O)/C=C/[C@H]1[C@H](O)CC(=O)[C@@H]1C/C=C\CCCC(=O)O,CHEMBL548,3.0,<,0
CCOc1cc2ncc(C#N)c(Nc3ccc(OCc4ccccn4)c(Cl)c3)c2cc1NC(=O)/C=C/CN(C)C,CHEMBL180022,4.6020599913279625,,1
NC(N)=Nc1nc(CSCC/C(N)=N/S(N)(=O)=O)cs1,CHEMBL902,3.0,<,0
C[C@@H]1C[C@H]2[C@@H]3C[C@H](F)C4=CC(=O)C=C[C@]4(C)[C@@]3(F)[C@@H](O)C[C@]2(C)[C@@]1(O)C(=O)CO,CHEMBL1201392,4.164563105198142,,1
Cc1ccnc2c1NC(=O)c1cccnc1N2C1CC1,CHEMBL57,3.526888857369782,,1
NC(=O)c1ccc([N+](=O)[O-])cc1Cl,CHEMBL1450565,3.0,<,0
NCc1ccc(S(N)(=O)=O)cc1,CHEMBL1201161,3.8761483590329133,<,0
COc1ccc2c(c1OC)C(=O)OC2C1c2c(cc3c(c2OC)OCO3)CCN1C,CHEMBL402487,4.621420423884225,,1
O=C(O)c1cc2c(F)c(O)ccc2n1Cc1ccc(Cl)c(Cl)c1,CHEMBL4092536,4.714442690992227,,1
